test_order,filename,utt_id,clean_path,noisy_path,clean_sha256,noisy_sha256,clean_sample_rate,noisy_sample_rate,clean_channels,noisy_channels,clean_frames,noisy_frames
0,dns2020_no_reverb_fileid_0.wav,dns2020_no_reverb_fileid_0,data/dns2020_synthetic_official_20260818/no_reverb/clean/dns2020_no_reverb_fileid_0.wav,data/dns2020_synthetic_official_20260818/no_reverb/noisy/dns2020_no_reverb_fileid_0.wav,777bf587dcf6b2b6a2c2cc38f0048b9eecd4a0d8fa8b8549ca3697dd68f3eea8,566d51752f3a149ba67c436cdd82a2646727c4605098a64f78d065fe4010ae8f,16000,16000,1,1,160000,160000
1,dns2020_no_reverb_fileid_101.wav,dns2020_no_reverb_fileid_101,data/dns2020_synthetic_official_20260818/no_reverb/clean/dns2020_no_reverb_fileid_101.wav,data/dns2020_synthetic_official_20260818/no_reverb/noisy/dns2020_no_reverb_fileid_101.wav,da12f98bef6bd19b6c3c76f380e67ca8da99ce340da52fd7b61a89d474dfa31b,3de3dd8b600a29652a726429606b5b291db1ace96af074b0e980cc77e16d0547,16000,16000,1,1,160000,160000
2,dns2020_no_reverb_fileid_102.wav,dns2020_no_reverb_fileid_102,data/dns2020_synthetic_official_20260818/no_reverb/clean/dns2020_no_reverb_fileid_102.wav,data/dns2020_synthetic_official_20260818/no_reverb/noisy/dns2020_no_reverb_fileid_102.wav,810b1c9c88112cef34b23ab843ca523c3fec3960fa8afd2ff52795476e520fdc,1171df87c400b0594fe19c73866fadddcb6ae287fa2cf8efcb17898dfeea61a8,16000,16000,1,1,160000,160000
3,dns2020_no_reverb_fileid_104.wav,dns2020_no_reverb_fileid_104,data/dns2020_synthetic_official_20260818/no_reverb/clean/dns2020_no_reverb_fileid_104.wav,data/dns2020_synthetic_official_20260818/no_reverb/noisy/dns2020_no_reverb_fileid_104.wav,b2268d24117a9ad72e87c32298996faa4479bdb63d95958e15bc469f615a8875,902f53d7d3a8d97d5cbec9817cd98db4f112a0f627c97eeef0b254b9dd087dfb,16000,16000,1,1,160000,160000
4,dns2020_no_reverb_fileid_105.wav,dns2020_no_reverb_fileid_105,data/dns2020_synthetic_official_20260818/no_reverb/clean/dns2020_no_reverb_fileid_105.wav,data/dns2020_synthetic_official_20260818/no_reverb/noisy/dns2020_no_reverb_fileid_105.wav,4b106a929cbb01f307bc69974115967d1e59fc8aa3f7e9058cb764fd56085650,3a5c324223208a5fd6c7ff2f9a3eb4ba2dc2bde897974d4504bfa9809797d48c,16000,16000,1,1,160000,160000
5,dns2020_no_reverb_fileid_107.wav,dns2020_no_reverb_fileid_107,data/dns2020_synthetic_official_20260818/no_reverb/clean/dns2020_no_reverb_fileid_107.wav,data/dns2020_synthetic_official_20260818/no_reverb/noisy/dns2020_no_reverb_fileid_107.wav,4526431b9fc842b35f731abdc8abd42dd5e5564f83dfa12e14dd04550742e6cd,88d80826936c02d337a7f8f8cb91bff4ec066316c695c4ad754caff5a784a4c3,16000,16000,1,1,160000,160000
6,dns2020_no_reverb_fileid_110.wav,dns2020_no_reverb_fileid_110,data/dns2020_synthetic_official_20260818/no_reverb/clean/dns2020_no_reverb_fileid_110.wav,data/dns2020_synthetic_official_20260818/no_reverb/noisy/dns2020_no_reverb_fileid_110.wav,d3eebe2fa2ae02c54886d30a5f54d24ad61687354173f597f886f7aed6e522bd,88d97914d6999c9aa8d542729f8d1c49a6bd82b61913b23449d88ee66182fb9d,16000,16000,1,1,160000,160000
7,dns2020_no_reverb_fileid_112.wav,dns2020_no_reverb_fileid_112,data/dns2020_synthetic_official_20260818/no_reverb/clean/dns2020_no_reverb_fileid_112.wav,data/dns2020_synthetic_official_20260818/no_reverb/noisy/dns2020_no_reverb_fileid_112.wav,2caad5659e830a83a96a09304a4c89f60755885f19f0967d3c24e43349c9a64c,c445aeb5b8c631563eca67451747a3f071eb8f9a1a067ae0d832ba99411b480e,16000,16000,1,1,160000,160000
8,dns2020_no_reverb_fileid_113.wav,dns2020_no_reverb_fileid_113,data/dns2020_synthetic_official_20260818/no_reverb/clean/dns2020_no_reverb_fileid_113.wav,data/dns2020_synthetic_official_20260818/no_reverb/noisy/dns2020_no_reverb_fileid_113.wav,1451b3c4921540348d2bff711e9f6cdccfcf0b16655d435859775762001cdb59,c1c3217a71701b0d27a7c6e6eec400cb81aaa1d9df01e6f13213b76add46603b,16000,16000,1,1,160000,160000
9,dns2020_no_reverb_fileid_116.wav,dns2020_no_reverb_fileid_116,data/dns2020_synthetic_official_20260818/no_reverb/clean/dns2020_no_reverb_fileid_116.wav,data/dns2020_synthetic_official_20260818/no_reverb/noisy/dns2020_no_reverb_fileid_116.wav,629bd89d9a28d829b3543dc7a2a8ad17aabb8bfc003bb2e004bd3493d62205e0,aa44c08b36383a82910b72976e4c1435aa833ff894100fada973b980ecec7f66,16000,16000,1,1,160000,160000
10,dns2020_no_reverb_fileid_117.wav,dns2020_no_reverb_fileid_117,data/dns2020_synthetic_official_20260818/no_reverb/clean/dns2020_no_reverb_fileid_117.wav,data/dns2020_synthetic_official_20260818/no_reverb/noisy/dns2020_no_reverb_fileid_117.wav,134d01853865a4eec01a03f55a5a9ecca01f1821283bce1098c4d234bab85e67,c9f5f820e5b05c4cb42d0d08b6402f8fc746a1444690a4684656737dc023c761,16000,16000,1,1,160000,160000
11,dns2020_no_reverb_fileid_118.wav,dns2020_no_reverb_fileid_118,data/dns2020_synthetic_official_20260818/no_reverb/clean/dns2020_no_reverb_fileid_118.wav,data/dns2020_synthetic_official_20260818/no_reverb/noisy/dns2020_no_reverb_fileid_118.wav,d830fad96add081f57d706e5c626ca878eb09502a4a54406c4e8fb5ca2dbbf25,07a7d781b92f031eb26b9a2f3429394e9af6075dd96619cae14c7f6497498173,16000,16000,1,1,160000,160000
12,dns2020_no_reverb_fileid_125.wav,dns2020_no_reverb_fileid_125,data/dns2020_synthetic_official_20260818/no_reverb/clean/dns2020_no_reverb_fileid_125.wav,data/dns2020_synthetic_official_20260818/no_reverb/noisy/dns2020_no_reverb_fileid_125.wav,db5ca5e2a861677ed91b570a53c3b07e94ff46c88020e0d431a3a2a9f559282c,c0cd1662bd4c2a4775e68d3b42187360000e06c2d5395c56b2d3551a8c251284,16000,16000,1,1,160000,160000
13,dns2020_no_reverb_fileid_127.wav,dns2020_no_reverb_fileid_127,data/dns2020_synthetic_official_20260818/no_reverb/clean/dns2020_no_reverb_fileid_127.wav,data/dns2020_synthetic_official_20260818/no_reverb/noisy/dns2020_no_reverb_fileid_127.wav,a5dab79a4d7d6a99c97c3f6b3716dc1f6e056824ed39f1d48861133cd5efd62f,85a347f361af1117886dcd3be44668e0fb9c2259db40cd3890f91d01062a0a04,16000,16000,1,1,160000,160000
14,dns2020_no_reverb_fileid_130.wav,dns2020_no_reverb_fileid_130,data/dns2020_synthetic_official_20260818/no_reverb/clean/dns2020_no_reverb_fileid_130.wav,data/dns2020_synthetic_official_20260818/no_reverb/noisy/dns2020_no_reverb_fileid_130.wav,939438a9f02c874e79fc5550e9e643685ebbad4035bf22e02e27b6b344103e35,579c695c8ad30fb3cee9ac8fb3765220c649d0b02b6afbe83b8e3d270a3780a7,16000,16000,1,1,160000,160000
15,dns2020_no_reverb_fileid_132.wav,dns2020_no_reverb_fileid_132,data/dns2020_synthetic_official_20260818/no_reverb/clean/dns2020_no_reverb_fileid_132.wav,data/dns2020_synthetic_official_20260818/no_reverb/noisy/dns2020_no_reverb_fileid_132.wav,7c5f38d49dd1acbcd27ceb1a2ed9747ba99b0145ac11facd48bfbe6b9a7808c3,a7092a690257e796d95e2060da641aaa74851d92efdfa60e86ebeced94762623,16000,16000,1,1,160000,160000
16,dns2020_no_reverb_fileid_133.wav,dns2020_no_reverb_fileid_133,data/dns2020_synthetic_official_20260818/no_reverb/clean/dns2020_no_reverb_fileid_133.wav,data/dns2020_synthetic_official_20260818/no_reverb/noisy/dns2020_no_reverb_fileid_133.wav,69af5dca4a38fcadddfaa6b9011f6146f4b5a151f8707a8fd9f68a27ff2ffd9d,433e193a218e4451006401f6d116d661491e0f1670e6695a4fbb9f9497d58284,16000,16000,1,1,160000,160000
17,dns2020_no_reverb_fileid_134.wav,dns2020_no_reverb_fileid_134,data/dns2020_synthetic_official_20260818/no_reverb/clean/dns2020_no_reverb_fileid_134.wav,data/dns2020_synthetic_official_20260818/no_reverb/noisy/dns2020_no_reverb_fileid_134.wav,fd1c143b942dda76f7075391ee1c10422e5c34d500a284418e24142ddef47ce1,65bc6c5ee113935324070519d0a46fd7a8148bcc352bb6c97f40667d2aa23d29,16000,16000,1,1,160000,160000
18,dns2020_no_reverb_fileid_136.wav,dns2020_no_reverb_fileid_136,data/dns2020_synthetic_official_20260818/no_reverb/clean/dns2020_no_reverb_fileid_136.wav,data/dns2020_synthetic_official_20260818/no_reverb/noisy/dns2020_no_reverb_fileid_136.wav,76e571085dc9892ed6486ffef88a0ae0bbd25cf28383faeff15f902e31a74c73,b2febcb886bf6ae29e5909697121c2a4d02c4c61a082d98b89241f46553bc72e,16000,16000,1,1,160000,160000
19,dns2020_no_reverb_fileid_137.wav,dns2020_no_reverb_fileid_137,data/dns2020_synthetic_official_20260818/no_reverb/clean/dns2020_no_reverb_fileid_137.wav,data/dns2020_synthetic_official_20260818/no_reverb/noisy/dns2020_no_reverb_fileid_137.wav,5a5190d1dc560ad21331abb9ca275bff121532de5812da5132bb45b2ac169f6e,6553ab17483dc5ccad14a0e7e954ed5ede6c617233e6586687d02cf7ed092391,16000,16000,1,1,160000,160000
20,dns2020_no_reverb_fileid_139.wav,dns2020_no_reverb_fileid_139,data/dns2020_synthetic_official_20260818/no_reverb/clean/dns2020_no_reverb_fileid_139.wav,data/dns2020_synthetic_official_20260818/no_reverb/noisy/dns2020_no_reverb_fileid_139.wav,552b7e8f4ba5bd5585ce1bfc6f462c9a413030f5c16fead3a72851229466d8ee,2e04b05bcd57e5cd2111325ed550c70d59eb27c5663e8dadef945e65f3ca167c,16000,16000,1,1,160000,160000
21,dns2020_no_reverb_fileid_14.wav,dns2020_no_reverb_fileid_14,data/dns2020_synthetic_official_20260818/no_reverb/clean/dns2020_no_reverb_fileid_14.wav,data/dns2020_synthetic_official_20260818/no_reverb/noisy/dns2020_no_reverb_fileid_14.wav,3e8b469048425c93619fced6331f5ee4ec544228449719c9201c4a08af113d68,1a224ae664ea3b83c229874fef83c1cd7808332f7ce5005f5b413d76c6ada1a4,16000,16000,1,1,160000,160000
22,dns2020_no_reverb_fileid_142.wav,dns2020_no_reverb_fileid_142,data/dns2020_synthetic_official_20260818/no_reverb/clean/dns2020_no_reverb_fileid_142.wav,data/dns2020_synthetic_official_20260818/no_reverb/noisy/dns2020_no_reverb_fileid_142.wav,4714e7608451770bce8635f3f64c2160268173abe75965d4908d125463e76aa7,fd16e3220d2491bcb07ca4ed9705b16e99e930e0c1d30c2fa23aabe4b0a8cc2f,16000,16000,1,1,160000,160000
23,dns2020_no_reverb_fileid_143.wav,dns2020_no_reverb_fileid_143,data/dns2020_synthetic_official_20260818/no_reverb/clean/dns2020_no_reverb_fileid_143.wav,data/dns2020_synthetic_official_20260818/no_reverb/noisy/dns2020_no_reverb_fileid_143.wav,8937adbf655268be42af9d9741aeff429c8ae330a8f0f0a5de1d1f4e665ffeba,a8567861bf41ef52fac6bfef6f446301fe103847088d8be198bd00022d979ac9,16000,16000,1,1,160000,160000
24,dns2020_no_reverb_fileid_145.wav,dns2020_no_reverb_fileid_145,data/dns2020_synthetic_official_20260818/no_reverb/clean/dns2020_no_reverb_fileid_145.wav,data/dns2020_synthetic_official_20260818/no_reverb/noisy/dns2020_no_reverb_fileid_145.wav,7db70e49b4221a6aa9a014fd71c7f60a012823a415b1e522a386a5441bc03e7d,30c8f47ac28f6e34e0e6c37b48ce79f58eca01b089c7851f0a908acbc1759041,16000,16000,1,1,160000,160000
25,dns2020_no_reverb_fileid_146.wav,dns2020_no_reverb_fileid_146,data/dns2020_synthetic_official_20260818/no_reverb/clean/dns2020_no_reverb_fileid_146.wav,data/dns2020_synthetic_official_20260818/no_reverb/noisy/dns2020_no_reverb_fileid_146.wav,0337f4c993e4205dc4979e1c44c1e57ec78c3c3d7f02f74a01df63ad411c28e6,debb5e03db8b806ae4fe37004d19d18224576aa61d38ed6ea82988b390a960d2,16000,16000,1,1,160000,160000
26,dns2020_no_reverb_fileid_147.wav,dns2020_no_reverb_fileid_147,data/dns2020_synthetic_official_20260818/no_reverb/clean/dns2020_no_reverb_fileid_147.wav,data/dns2020_synthetic_official_20260818/no_reverb/noisy/dns2020_no_reverb_fileid_147.wav,5b385215e0c5449f36ef468f6066f1aaf879642915676ff207a924b096886aa3,58889fd07e6f58bdc2d67983cc026a0c73385ab2dfef0e7e141e14f3a1b3a35b,16000,16000,1,1,160000,160000
27,dns2020_no_reverb_fileid_149.wav,dns2020_no_reverb_fileid_149,data/dns2020_synthetic_official_20260818/no_reverb/clean/dns2020_no_reverb_fileid_149.wav,data/dns2020_synthetic_official_20260818/no_reverb/noisy/dns2020_no_reverb_fileid_149.wav,0f8116da85e0840ddb5108c11ce46aa3b74abfb81e3906fd58964a1dcf727466,963969ee554764fbc2f4b111c79a65787136d6157a0fdc65e6ef45abdf5f3d78,16000,16000,1,1,160000,160000
28,dns2020_no_reverb_fileid_150.wav,dns2020_no_reverb_fileid_150,data/dns2020_synthetic_official_20260818/no_reverb/clean/dns2020_no_reverb_fileid_150.wav,data/dns2020_synthetic_official_20260818/no_reverb/noisy/dns2020_no_reverb_fileid_150.wav,b6ad40f5411723f8b7bea804875c4099ae5960e82af4dcc93caaab1805f08232,ae7093eefdf4f095de939a6a8da8915518eb24d2629441e4c2772d893ffeca35,16000,16000,1,1,160000,160000
29,dns2020_no_reverb_fileid_152.wav,dns2020_no_reverb_fileid_152,data/dns2020_synthetic_official_20260818/no_reverb/clean/dns2020_no_reverb_fileid_152.wav,data/dns2020_synthetic_official_20260818/no_reverb/noisy/dns2020_no_reverb_fileid_152.wav,dde5dd56a7f5effd8f7e59be53f705239fd9196fa8677cbca7a315186fa60918,bbe8eaae0e0b7cc2e688160c4968752342ebc10b3603525420dd9d0486855f9d,16000,16000,1,1,160000,160000
30,dns2020_no_reverb_fileid_155.wav,dns2020_no_reverb_fileid_155,data/dns2020_synthetic_official_20260818/no_reverb/clean/dns2020_no_reverb_fileid_155.wav,data/dns2020_synthetic_official_20260818/no_reverb/noisy/dns2020_no_reverb_fileid_155.wav,680c0357bc859fd9d9f2a23e59846b0ff2799d1b210724c560d6e590289cbb7f,9f2f543af76e6f61df9174984913205af30c5bc68506dcb7974041989e3b08ea,16000,16000,1,1,160000,160000
31,dns2020_no_reverb_fileid_156.wav,dns2020_no_reverb_fileid_156,data/dns2020_synthetic_official_20260818/no_reverb/clean/dns2020_no_reverb_fileid_156.wav,data/dns2020_synthetic_official_20260818/no_reverb/noisy/dns2020_no_reverb_fileid_156.wav,c01958f069cbedeb25c5f53b9780100dcce6ec34c715017ba9c768dfca4d75ce,3aaf6f70559a3c6566ea4bab474d24b98046be798b02ba8bb8de36e5d721bc33,16000,16000,1,1,160000,160000
32,dns2020_no_reverb_fileid_158.wav,dns2020_no_reverb_fileid_158,data/dns2020_synthetic_official_20260818/no_reverb/clean/dns2020_no_reverb_fileid_158.wav,data/dns2020_synthetic_official_20260818/no_reverb/noisy/dns2020_no_reverb_fileid_158.wav,a86cc3478ab8f66de18302c7efa85be4ea64bb7c845af2ad621abccae867cb60,b33c303d25bf6e84c6c434da862e713c417ada77b33a2a2c7680ae329feead07,16000,16000,1,1,160000,160000
33,dns2020_no_reverb_fileid_16.wav,dns2020_no_reverb_fileid_16,data/dns2020_synthetic_official_20260818/no_reverb/clean/dns2020_no_reverb_fileid_16.wav,data/dns2020_synthetic_official_20260818/no_reverb/noisy/dns2020_no_reverb_fileid_16.wav,d65d091f1dd192bc6e08726cc43b00ebd0670d23198b83dc82e921969c4e092d,485240aa59f852e339d1ec1a083482f19a3226d7819d268092c5faf7927e12fd,16000,16000,1,1,160000,160000
34,dns2020_no_reverb_fileid_161.wav,dns2020_no_reverb_fileid_161,data/dns2020_synthetic_official_20260818/no_reverb/clean/dns2020_no_reverb_fileid_161.wav,data/dns2020_synthetic_official_20260818/no_reverb/noisy/dns2020_no_reverb_fileid_161.wav,b7b9c77d280470f53723e321da4a1c30563c9d97cb69f65ec5f05aa540a57ea6,7a4419b9290228a19fb075bde20b73c097686c35553524836f179136f106f806,16000,16000,1,1,160000,160000
35,dns2020_no_reverb_fileid_163.wav,dns2020_no_reverb_fileid_163,data/dns2020_synthetic_official_20260818/no_reverb/clean/dns2020_no_reverb_fileid_163.wav,data/dns2020_synthetic_official_20260818/no_reverb/noisy/dns2020_no_reverb_fileid_163.wav,97458ea4e229d9e27ed9e4fe265f9cb9ea489b56b46cbc665171597e29e06d89,401b95c3ab22a4971b69d29ab14639fee6681ead51112dd6c4deca055066adb1,16000,16000,1,1,160000,160000
36,dns2020_no_reverb_fileid_165.wav,dns2020_no_reverb_fileid_165,data/dns2020_synthetic_official_20260818/no_reverb/clean/dns2020_no_reverb_fileid_165.wav,data/dns2020_synthetic_official_20260818/no_reverb/noisy/dns2020_no_reverb_fileid_165.wav,c81b7470591151007ecbd22430742a6a69ea44973f5a6551879381c894d470c3,d8e4923f6654db61f6569202ac28256cc1cecc2458c1412863127d0ed101bb9a,16000,16000,1,1,160000,160000
37,dns2020_no_reverb_fileid_166.wav,dns2020_no_reverb_fileid_166,data/dns2020_synthetic_official_20260818/no_reverb/clean/dns2020_no_reverb_fileid_166.wav,data/dns2020_synthetic_official_20260818/no_reverb/noisy/dns2020_no_reverb_fileid_166.wav,914775b59a6706827837a8f4b83869c0700fd322354dcbb335278608111bc3a0,4775cc5979fa4302c151f1f2a4d068c7c17b513f7526ca916b1392708d76883c,16000,16000,1,1,160000,160000
38,dns2020_no_reverb_fileid_167.wav,dns2020_no_reverb_fileid_167,data/dns2020_synthetic_official_20260818/no_reverb/clean/dns2020_no_reverb_fileid_167.wav,data/dns2020_synthetic_official_20260818/no_reverb/noisy/dns2020_no_reverb_fileid_167.wav,31f4a0d421df13432904f6021b67105851044ca8823de672cfa1951454ee9780,81e67d2ec23a91684bde14292d954d62e83d5a6a98af9437a3a4bb00fd8078a3,16000,16000,1,1,160000,160000
39,dns2020_no_reverb_fileid_169.wav,dns2020_no_reverb_fileid_169,data/dns2020_synthetic_official_20260818/no_reverb/clean/dns2020_no_reverb_fileid_169.wav,data/dns2020_synthetic_official_20260818/no_reverb/noisy/dns2020_no_reverb_fileid_169.wav,a71fb68b994f7be3090703921aac3741334c9ca9408dca8bb7e3f9cb2246c51a,1155c903954847ad08cc4ce87f27dbf3431b36286ae335fdb70d196155df848b,16000,16000,1,1,160000,160000
40,dns2020_no_reverb_fileid_17.wav,dns2020_no_reverb_fileid_17,data/dns2020_synthetic_official_20260818/no_reverb/clean/dns2020_no_reverb_fileid_17.wav,data/dns2020_synthetic_official_20260818/no_reverb/noisy/dns2020_no_reverb_fileid_17.wav,448b555afa1bea7ec73d2adccd387c9160920d1b54b7eab1790ff1bceb251f19,107d3e24e46fdfaab73b0133e976450f73e0f13ada74ed879bb9180302907f7f,16000,16000,1,1,160000,160000
41,dns2020_no_reverb_fileid_170.wav,dns2020_no_reverb_fileid_170,data/dns2020_synthetic_official_20260818/no_reverb/clean/dns2020_no_reverb_fileid_170.wav,data/dns2020_synthetic_official_20260818/no_reverb/noisy/dns2020_no_reverb_fileid_170.wav,04a4ec9983882f5a2eb52946968dcc2032efe433098038d5469009e684649994,7d477996be0c62a07b24bfeea1c19e060ca7fd7d59ac853b25021dc450977526,16000,16000,1,1,160000,160000
42,dns2020_no_reverb_fileid_173.wav,dns2020_no_reverb_fileid_173,data/dns2020_synthetic_official_20260818/no_reverb/clean/dns2020_no_reverb_fileid_173.wav,data/dns2020_synthetic_official_20260818/no_reverb/noisy/dns2020_no_reverb_fileid_173.wav,f2b50791344f7f60a73d8b1c87321d3ddf0ba7b64598c046306bdcff6fe4bc5b,0af01ae066e6147e313f6dab63ed90f37350db0d5ffe5f9129dbed1be4fbad4a,16000,16000,1,1,160000,160000
43,dns2020_no_reverb_fileid_175.wav,dns2020_no_reverb_fileid_175,data/dns2020_synthetic_official_20260818/no_reverb/clean/dns2020_no_reverb_fileid_175.wav,data/dns2020_synthetic_official_20260818/no_reverb/noisy/dns2020_no_reverb_fileid_175.wav,18b9b9c2e066cd43f45d194ade223b50f1162f16413d7092bb84fd563c5f68a5,7df921055520232824f53ebf9e2844d8323eca88d6decfd75e65c7b4b58fb6be,16000,16000,1,1,160000,160000
44,dns2020_no_reverb_fileid_176.wav,dns2020_no_reverb_fileid_176,data/dns2020_synthetic_official_20260818/no_reverb/clean/dns2020_no_reverb_fileid_176.wav,data/dns2020_synthetic_official_20260818/no_reverb/noisy/dns2020_no_reverb_fileid_176.wav,0c18cd113b03b7f07825bf5cb3a6b9d27cd04b93a44e8ab6446e34272ee56cb2,7cfada54545da3158c0b497ee51e359441bd723a88677cf4a16bf98743969660,16000,16000,1,1,160000,160000
45,dns2020_no_reverb_fileid_178.wav,dns2020_no_reverb_fileid_178,data/dns2020_synthetic_official_20260818/no_reverb/clean/dns2020_no_reverb_fileid_178.wav,data/dns2020_synthetic_official_20260818/no_reverb/noisy/dns2020_no_reverb_fileid_178.wav,e747a08d408afaef2ee3bbbbd74f2eddb9b4f64aee3f7dd0d7f0106d041e1cfb,f2d44c0ed9c00c4273282e47c5270aed932b542a21a8ed789082742523de4cf7,16000,16000,1,1,160000,160000
46,dns2020_no_reverb_fileid_180.wav,dns2020_no_reverb_fileid_180,data/dns2020_synthetic_official_20260818/no_reverb/clean/dns2020_no_reverb_fileid_180.wav,data/dns2020_synthetic_official_20260818/no_reverb/noisy/dns2020_no_reverb_fileid_180.wav,9fa96e2b8adf60177b40e5a8d28756cfb17463fb27c43cd36a59149850db6003,2dd7d7b29f6ba68cbabae62eac65439af29b5c6fa7af62a7777e6cc1db72144a,16000,16000,1,1,160000,160000
47,dns2020_no_reverb_fileid_181.wav,dns2020_no_reverb_fileid_181,data/dns2020_synthetic_official_20260818/no_reverb/clean/dns2020_no_reverb_fileid_181.wav,data/dns2020_synthetic_official_20260818/no_reverb/noisy/dns2020_no_reverb_fileid_181.wav,b4af46be6a7e61aef0494922abfcf00edc8e45c62cab31eaa0824d1d6d544fae,ff82f8fa16b60d637c96494f5531082dc2f3cfd858a303f2d729d77d9403a73b,16000,16000,1,1,160000,160000
48,dns2020_no_reverb_fileid_19.wav,dns2020_no_reverb_fileid_19,data/dns2020_synthetic_official_20260818/no_reverb/clean/dns2020_no_reverb_fileid_19.wav,data/dns2020_synthetic_official_20260818/no_reverb/noisy/dns2020_no_reverb_fileid_19.wav,66b028d450d78c24f00d6d537458ad8e26cda8a468ba351df881bb4bf3d837b8,f261fef8f2051404716ebd84e27dbcfef44f013244fb8977bdccd971d2628cb7,16000,16000,1,1,160000,160000
49,dns2020_no_reverb_fileid_191.wav,dns2020_no_reverb_fileid_191,data/dns2020_synthetic_official_20260818/no_reverb/clean/dns2020_no_reverb_fileid_191.wav,data/dns2020_synthetic_official_20260818/no_reverb/noisy/dns2020_no_reverb_fileid_191.wav,3c453557ae63201d9fc2c820102e80b3f3a7739f9e128be56699165c550191aa,656cff8a8dc565b40bcc26b3ad7fffa3ab47438d174adbd11d6a3f5a9720b088,16000,16000,1,1,160000,160000
50,dns2020_no_reverb_fileid_192.wav,dns2020_no_reverb_fileid_192,data/dns2020_synthetic_official_20260818/no_reverb/clean/dns2020_no_reverb_fileid_192.wav,data/dns2020_synthetic_official_20260818/no_reverb/noisy/dns2020_no_reverb_fileid_192.wav,277e25c03596af29e5db2603692d4f716de17c9a706d51f8eebe294d105b5e4d,d3764df39cfca1c1fa9cb14866d57d22ee951143058b790dd10c8f464954f055,16000,16000,1,1,160000,160000
51,dns2020_no_reverb_fileid_197.wav,dns2020_no_reverb_fileid_197,data/dns2020_synthetic_official_20260818/no_reverb/clean/dns2020_no_reverb_fileid_197.wav,data/dns2020_synthetic_official_20260818/no_reverb/noisy/dns2020_no_reverb_fileid_197.wav,19d65a040127dc8b8813f3691540371810e766e8f92df4fb6b599f9da8d540e8,272801202343d47aa76fe8323316cd0f17520ce4dbab02b6e9d8316efecef85f,16000,16000,1,1,160000,160000
52,dns2020_no_reverb_fileid_199.wav,dns2020_no_reverb_fileid_199,data/dns2020_synthetic_official_20260818/no_reverb/clean/dns2020_no_reverb_fileid_199.wav,data/dns2020_synthetic_official_20260818/no_reverb/noisy/dns2020_no_reverb_fileid_199.wav,0e3e44376ba60a5507e4026a17e4727c8668f20e47b491763d3b748a4c5f8d66,4630b9c40f6ab8a4b8be3971dae4eac1aeb72679917976e268c0c7a8f419793a,16000,16000,1,1,160000,160000
53,dns2020_no_reverb_fileid_2.wav,dns2020_no_reverb_fileid_2,data/dns2020_synthetic_official_20260818/no_reverb/clean/dns2020_no_reverb_fileid_2.wav,data/dns2020_synthetic_official_20260818/no_reverb/noisy/dns2020_no_reverb_fileid_2.wav,23dab3bac5841d91110e755f5cccf9156e68c1df967eec6ac3d9a3ecaf246c06,9df8402b34c2094df21d96501dbede79b2f03fa9119fa03d22da6f84388926de,16000,16000,1,1,160000,160000
54,dns2020_no_reverb_fileid_20.wav,dns2020_no_reverb_fileid_20,data/dns2020_synthetic_official_20260818/no_reverb/clean/dns2020_no_reverb_fileid_20.wav,data/dns2020_synthetic_official_20260818/no_reverb/noisy/dns2020_no_reverb_fileid_20.wav,ac4c69a012d9a72894c8e57fa63742b418fbae3e5a833ba0ad476ce15acf62e3,21b3bbf98fcec3dd332605677b97d4a8d30aabb46fbb7cd87438980e735a68b1,16000,16000,1,1,160000,160000
55,dns2020_no_reverb_fileid_200.wav,dns2020_no_reverb_fileid_200,data/dns2020_synthetic_official_20260818/no_reverb/clean/dns2020_no_reverb_fileid_200.wav,data/dns2020_synthetic_official_20260818/no_reverb/noisy/dns2020_no_reverb_fileid_200.wav,9ee6051e5e02e954585893c531f32539ccb220ae3e2c4973c8d70f09cab11b61,aa7b89713ad6074356707eff965e4ad91e81ae4fd38b5d293b2a905b4dd279b0,16000,16000,1,1,160000,160000
56,dns2020_no_reverb_fileid_201.wav,dns2020_no_reverb_fileid_201,data/dns2020_synthetic_official_20260818/no_reverb/clean/dns2020_no_reverb_fileid_201.wav,data/dns2020_synthetic_official_20260818/no_reverb/noisy/dns2020_no_reverb_fileid_201.wav,5efcc4ff82083f976171b71bc8db18b3719758f7c85e551bca42a9969ec99f9b,6a198d7c157430fedae5953b31adb284ba14afeffa3358905edcb813910f7b82,16000,16000,1,1,160000,160000
57,dns2020_no_reverb_fileid_205.wav,dns2020_no_reverb_fileid_205,data/dns2020_synthetic_official_20260818/no_reverb/clean/dns2020_no_reverb_fileid_205.wav,data/dns2020_synthetic_official_20260818/no_reverb/noisy/dns2020_no_reverb_fileid_205.wav,de8d61ff14694f9077203524e63aef1f1d90ba91e2e75bffc0fabcde9bbfdfd6,8332735e86b743466035fcbeef2ed427203c2a727e8428d9c940c15b79f7a5b3,16000,16000,1,1,160000,160000
58,dns2020_no_reverb_fileid_206.wav,dns2020_no_reverb_fileid_206,data/dns2020_synthetic_official_20260818/no_reverb/clean/dns2020_no_reverb_fileid_206.wav,data/dns2020_synthetic_official_20260818/no_reverb/noisy/dns2020_no_reverb_fileid_206.wav,6c0fb831d77f17de702694c097c6d4808b5f7d366a8beb6e523c1ad669e4acac,db12af4bbc6a3bb1a964b63b55c8b80d34cc5b32b8fe11dceedb3e6db479cf5c,16000,16000,1,1,160000,160000
59,dns2020_no_reverb_fileid_207.wav,dns2020_no_reverb_fileid_207,data/dns2020_synthetic_official_20260818/no_reverb/clean/dns2020_no_reverb_fileid_207.wav,data/dns2020_synthetic_official_20260818/no_reverb/noisy/dns2020_no_reverb_fileid_207.wav,7c310f13801b9cf7223cc1ee4f8d381c39fe30b632765ff9b8d074ac1095fbbb,24cf219fa8cc2058a4fd052def1dfc094cb24020dac9499af2b3b3b315580785,16000,16000,1,1,160000,160000
60,dns2020_no_reverb_fileid_208.wav,dns2020_no_reverb_fileid_208,data/dns2020_synthetic_official_20260818/no_reverb/clean/dns2020_no_reverb_fileid_208.wav,data/dns2020_synthetic_official_20260818/no_reverb/noisy/dns2020_no_reverb_fileid_208.wav,5264d80484ec17a1ea5a93d01ebdae06efb9e95d5454dc89ffc681f6ef2bff2c,c05c5cde3204311943177f1259b0c3f691ae684694d42cb1821f9ce825b6d652,16000,16000,1,1,160000,160000
61,dns2020_no_reverb_fileid_21.wav,dns2020_no_reverb_fileid_21,data/dns2020_synthetic_official_20260818/no_reverb/clean/dns2020_no_reverb_fileid_21.wav,data/dns2020_synthetic_official_20260818/no_reverb/noisy/dns2020_no_reverb_fileid_21.wav,50eeb9a1916be95c5d18539333078a318abd80cdc3cd2dfa876eb6d36f98441c,3f291bc9cd5fb30f3489357b05e6fb0695228091bc066d3b078057b5d8cfd459,16000,16000,1,1,160000,160000
62,dns2020_no_reverb_fileid_210.wav,dns2020_no_reverb_fileid_210,data/dns2020_synthetic_official_20260818/no_reverb/clean/dns2020_no_reverb_fileid_210.wav,data/dns2020_synthetic_official_20260818/no_reverb/noisy/dns2020_no_reverb_fileid_210.wav,3e71343fa265fbdd2f6cb4e080db7653526c39626ec254f4dbf107030d57949b,61a083096ffb6d619190bed297bd25fccce1a9dee99926877ee4707f74ef5d0a,16000,16000,1,1,160000,160000
63,dns2020_no_reverb_fileid_213.wav,dns2020_no_reverb_fileid_213,data/dns2020_synthetic_official_20260818/no_reverb/clean/dns2020_no_reverb_fileid_213.wav,data/dns2020_synthetic_official_20260818/no_reverb/noisy/dns2020_no_reverb_fileid_213.wav,e9d3ce89e0d46f4603167aabecdc65ebe42768c95aac222e98d13913b8f7a4d7,b680efb8b16e940f4e99eeeedc8710ab099576dafdfbe34640ce45f57bd13eec,16000,16000,1,1,160000,160000
64,dns2020_no_reverb_fileid_214.wav,dns2020_no_reverb_fileid_214,data/dns2020_synthetic_official_20260818/no_reverb/clean/dns2020_no_reverb_fileid_214.wav,data/dns2020_synthetic_official_20260818/no_reverb/noisy/dns2020_no_reverb_fileid_214.wav,0a8e39ec1b8cc0708307fbab6e268981edd2ae360750612ec667571c39365342,122c845679b2edeed49d8f9c2715398f1dafe03434b8251d5b24a48055c10275,16000,16000,1,1,160000,160000
65,dns2020_no_reverb_fileid_218.wav,dns2020_no_reverb_fileid_218,data/dns2020_synthetic_official_20260818/no_reverb/clean/dns2020_no_reverb_fileid_218.wav,data/dns2020_synthetic_official_20260818/no_reverb/noisy/dns2020_no_reverb_fileid_218.wav,c7d14757a17f0b74877a7020645e1217a58c41593e8213d3668ed9d9b339ff39,e3ea5a71c95b13c20963a254fbfe09dc31b3ca6ec0cd26f56f00eb1922582953,16000,16000,1,1,160000,160000
66,dns2020_no_reverb_fileid_220.wav,dns2020_no_reverb_fileid_220,data/dns2020_synthetic_official_20260818/no_reverb/clean/dns2020_no_reverb_fileid_220.wav,data/dns2020_synthetic_official_20260818/no_reverb/noisy/dns2020_no_reverb_fileid_220.wav,7de646d84f857f6058d7995eafa3bff5fd3d77feed34963ad7e8861642a25518,db5f13374c34aed23749ad7b3379e201a0cecb83244f908cfcb3933076e1f2c5,16000,16000,1,1,160000,160000
67,dns2020_no_reverb_fileid_221.wav,dns2020_no_reverb_fileid_221,data/dns2020_synthetic_official_20260818/no_reverb/clean/dns2020_no_reverb_fileid_221.wav,data/dns2020_synthetic_official_20260818/no_reverb/noisy/dns2020_no_reverb_fileid_221.wav,1ac4509a4f7bdd2473b4e9318898dcfd3cbec8ea9fa699e9365af4d50c39431a,aaa92aa5f9921d082acb92a6fbf4ceeeff16d7dc8f7e36921d3bfa5bc47534a1,16000,16000,1,1,160000,160000
68,dns2020_no_reverb_fileid_223.wav,dns2020_no_reverb_fileid_223,data/dns2020_synthetic_official_20260818/no_reverb/clean/dns2020_no_reverb_fileid_223.wav,data/dns2020_synthetic_official_20260818/no_reverb/noisy/dns2020_no_reverb_fileid_223.wav,06726b9cb7354e227db1869f3bf791c3c1533a04b65dba4f35771a859729fe1b,2d198adae3c0b1afef82ee3e7c2ba4fea3a7297df191c996853aa690e37be231,16000,16000,1,1,160000,160000
69,dns2020_no_reverb_fileid_228.wav,dns2020_no_reverb_fileid_228,data/dns2020_synthetic_official_20260818/no_reverb/clean/dns2020_no_reverb_fileid_228.wav,data/dns2020_synthetic_official_20260818/no_reverb/noisy/dns2020_no_reverb_fileid_228.wav,0071b872f5e3d1c4503ff49c52b56d066fcce650773f7f9b82466eaad7c0d6b2,e67a49c45420df1a8ff5715b544b2bb02245ea271fc02a9671b7d6710112a2f5,16000,16000,1,1,160000,160000
70,dns2020_no_reverb_fileid_229.wav,dns2020_no_reverb_fileid_229,data/dns2020_synthetic_official_20260818/no_reverb/clean/dns2020_no_reverb_fileid_229.wav,data/dns2020_synthetic_official_20260818/no_reverb/noisy/dns2020_no_reverb_fileid_229.wav,8b10fc43005029207c0468ce54295be35bf376c946767f925480441883fe927f,5a6449dc19fca9aa5c568b061941b4d8add711de89d83b38552834cc719c4397,16000,16000,1,1,160000,160000
71,dns2020_no_reverb_fileid_23.wav,dns2020_no_reverb_fileid_23,data/dns2020_synthetic_official_20260818/no_reverb/clean/dns2020_no_reverb_fileid_23.wav,data/dns2020_synthetic_official_20260818/no_reverb/noisy/dns2020_no_reverb_fileid_23.wav,5ede8a1ba46d90a9c30103b766a72fcd56bdee6b68e784e9e6c7a1e8cc0218ca,8852f73c66dde8a3b20a2cf5741c9ff97fb6cfaf8af00f85c38bb30a2491faed,16000,16000,1,1,160000,160000
72,dns2020_no_reverb_fileid_231.wav,dns2020_no_reverb_fileid_231,data/dns2020_synthetic_official_20260818/no_reverb/clean/dns2020_no_reverb_fileid_231.wav,data/dns2020_synthetic_official_20260818/no_reverb/noisy/dns2020_no_reverb_fileid_231.wav,5eca667d91b254dcae65f5089a400ef0818ff89b144c90c0e8aa5ffcbdf87ae8,d3d32b68ea605a1bd1a593a960cb576d48237ee8c0b89676458fdbb240e8c947,16000,16000,1,1,160000,160000
73,dns2020_no_reverb_fileid_232.wav,dns2020_no_reverb_fileid_232,data/dns2020_synthetic_official_20260818/no_reverb/clean/dns2020_no_reverb_fileid_232.wav,data/dns2020_synthetic_official_20260818/no_reverb/noisy/dns2020_no_reverb_fileid_232.wav,f65c6d2f77fb1dfc3af2e83c7bd0804a38021515de0b5982f28e6f789c2b1a07,634ea5bc7a28cdb65a594cea58b69d917978e9a9d54a2ff354c998c7b9769e1b,16000,16000,1,1,160000,160000
74,dns2020_no_reverb_fileid_234.wav,dns2020_no_reverb_fileid_234,data/dns2020_synthetic_official_20260818/no_reverb/clean/dns2020_no_reverb_fileid_234.wav,data/dns2020_synthetic_official_20260818/no_reverb/noisy/dns2020_no_reverb_fileid_234.wav,beb514f950cdebec9f2fab820aecf274cfc6c37f8a78ea03cbe444924735c77d,823415a6870ce517e4b4885746152e51f1158f07aa832c68a0089870797fbdcb,16000,16000,1,1,160000,160000
75,dns2020_no_reverb_fileid_238.wav,dns2020_no_reverb_fileid_238,data/dns2020_synthetic_official_20260818/no_reverb/clean/dns2020_no_reverb_fileid_238.wav,data/dns2020_synthetic_official_20260818/no_reverb/noisy/dns2020_no_reverb_fileid_238.wav,75619fc3f9f2d6dc4d00151c48fd51d640f5078aef3eee0827b0bcb7d55a2459,ae17aa7a335e54c9fd972c6a5bf8e3dc7525eecbca42f1dd7a2fa5fa39790640,16000,16000,1,1,160000,160000
76,dns2020_no_reverb_fileid_241.wav,dns2020_no_reverb_fileid_241,data/dns2020_synthetic_official_20260818/no_reverb/clean/dns2020_no_reverb_fileid_241.wav,data/dns2020_synthetic_official_20260818/no_reverb/noisy/dns2020_no_reverb_fileid_241.wav,0f19d5c2df15dd3357d1b6a0cd816d9378f4a4a5f56464b4c4db046105884834,e79c7c72587fd85a458208eaa1ff88de70521032547cd33548226cb9cfc1cd1d,16000,16000,1,1,160000,160000
77,dns2020_no_reverb_fileid_243.wav,dns2020_no_reverb_fileid_243,data/dns2020_synthetic_official_20260818/no_reverb/clean/dns2020_no_reverb_fileid_243.wav,data/dns2020_synthetic_official_20260818/no_reverb/noisy/dns2020_no_reverb_fileid_243.wav,fd6b42b038c3af7abfc35e3714dfa1bf4e05da55724023170d1fd9038004cac8,3a74f5d8a4fccb044c89fdf1a4625f0021be9bdf641d67893210111bb4837f73,16000,16000,1,1,160000,160000
78,dns2020_no_reverb_fileid_245.wav,dns2020_no_reverb_fileid_245,data/dns2020_synthetic_official_20260818/no_reverb/clean/dns2020_no_reverb_fileid_245.wav,data/dns2020_synthetic_official_20260818/no_reverb/noisy/dns2020_no_reverb_fileid_245.wav,191a0d55788fbe27952d26af73a225e0dbd47037802f1889660419a998c1d4a7,7aaa9cc6e217a1e6b23b7e7c638ccdeccaa98c32f0656407a3bbb2ce87a06309,16000,16000,1,1,160000,160000
79,dns2020_no_reverb_fileid_247.wav,dns2020_no_reverb_fileid_247,data/dns2020_synthetic_official_20260818/no_reverb/clean/dns2020_no_reverb_fileid_247.wav,data/dns2020_synthetic_official_20260818/no_reverb/noisy/dns2020_no_reverb_fileid_247.wav,566f4ef1128de4243104e7977debac2af592771fb0e477f2ba505406fcf47223,6e594a69eb5a6f262787cc2c984f70e9215271dbd04e511b2158713519476a3b,16000,16000,1,1,160000,160000
80,dns2020_no_reverb_fileid_249.wav,dns2020_no_reverb_fileid_249,data/dns2020_synthetic_official_20260818/no_reverb/clean/dns2020_no_reverb_fileid_249.wav,data/dns2020_synthetic_official_20260818/no_reverb/noisy/dns2020_no_reverb_fileid_249.wav,3789a80d25d9d9e663869e2d5c58683739ffc11c59a42a8dc59204630469d308,eb7a37b19627301ff8c9ea400ef5bb88e8be4c1aafb6fa5834cf0cddef6e8b7c,16000,16000,1,1,160000,160000
81,dns2020_no_reverb_fileid_250.wav,dns2020_no_reverb_fileid_250,data/dns2020_synthetic_official_20260818/no_reverb/clean/dns2020_no_reverb_fileid_250.wav,data/dns2020_synthetic_official_20260818/no_reverb/noisy/dns2020_no_reverb_fileid_250.wav,9225abfb7d347a7028cbc0a5ec0cda108199521a8dbbd6953a5defb1ed70879f,3907ae22e3d1a4ff14f6d67c82671399f46a084eed2551bac812c25470b94d4c,16000,16000,1,1,160000,160000
82,dns2020_no_reverb_fileid_252.wav,dns2020_no_reverb_fileid_252,data/dns2020_synthetic_official_20260818/no_reverb/clean/dns2020_no_reverb_fileid_252.wav,data/dns2020_synthetic_official_20260818/no_reverb/noisy/dns2020_no_reverb_fileid_252.wav,23a1bc35106bf8181bcc7419f971bacdd55d3ce885dfa72d497ca09a4b487b0a,fe812c49f65b51768f0b03bd3b9d8e07437930fb2f40ba54e2d57338c012539d,16000,16000,1,1,160000,160000
83,dns2020_no_reverb_fileid_253.wav,dns2020_no_reverb_fileid_253,data/dns2020_synthetic_official_20260818/no_reverb/clean/dns2020_no_reverb_fileid_253.wav,data/dns2020_synthetic_official_20260818/no_reverb/noisy/dns2020_no_reverb_fileid_253.wav,e866ca462f53ba3405c502b2c477617be94e5a0554279d986b069bd757dc5b4e,3b6acee28521eb4558e16e794f688658c47e4735f349a970d5a0c4fc14447dbf,16000,16000,1,1,160000,160000
84,dns2020_no_reverb_fileid_255.wav,dns2020_no_reverb_fileid_255,data/dns2020_synthetic_official_20260818/no_reverb/clean/dns2020_no_reverb_fileid_255.wav,data/dns2020_synthetic_official_20260818/no_reverb/noisy/dns2020_no_reverb_fileid_255.wav,eda759c554cc0c90a6ac29f3ea3d3e90bfc3506dcf0519035587714a22284ec2,3164df8a62caa167386ddf067c976c6837af014c4b660cee92b2b532e76dafce,16000,16000,1,1,160000,160000
85,dns2020_no_reverb_fileid_26.wav,dns2020_no_reverb_fileid_26,data/dns2020_synthetic_official_20260818/no_reverb/clean/dns2020_no_reverb_fileid_26.wav,data/dns2020_synthetic_official_20260818/no_reverb/noisy/dns2020_no_reverb_fileid_26.wav,7a38ee398a3ac3bd28a6e57d7b281e028da7f8d2de95aab4c8acd60742c0c7ef,98f44a4968193837955f8afe86084b1d904f91204b9c445df9c5d839169cf0d9,16000,16000,1,1,160000,160000
86,dns2020_no_reverb_fileid_261.wav,dns2020_no_reverb_fileid_261,data/dns2020_synthetic_official_20260818/no_reverb/clean/dns2020_no_reverb_fileid_261.wav,data/dns2020_synthetic_official_20260818/no_reverb/noisy/dns2020_no_reverb_fileid_261.wav,1eae03d9528eac2da296ebfd62fa19839c51185dfa0e448704eefaabd619751a,b612f113ffa5f27052a5812a802edc569cb6bb2ce12eb985cfb6b58e14d2eb93,16000,16000,1,1,160000,160000
87,dns2020_no_reverb_fileid_264.wav,dns2020_no_reverb_fileid_264,data/dns2020_synthetic_official_20260818/no_reverb/clean/dns2020_no_reverb_fileid_264.wav,data/dns2020_synthetic_official_20260818/no_reverb/noisy/dns2020_no_reverb_fileid_264.wav,52bfea21c9f4d7d88e6ec669d031d7db9aeffe08b795717937f3086ba24c9c5c,5e89cc7a8aa6304c17b94431c6013df077116ee4fb799dce7cea441256a84570,16000,16000,1,1,160000,160000
88,dns2020_no_reverb_fileid_268.wav,dns2020_no_reverb_fileid_268,data/dns2020_synthetic_official_20260818/no_reverb/clean/dns2020_no_reverb_fileid_268.wav,data/dns2020_synthetic_official_20260818/no_reverb/noisy/dns2020_no_reverb_fileid_268.wav,f1df84275446fdb5cf4384b734fbbbf4ebad71057a7973cb69f5d09d65c4ccef,0eace35f2d0174977c27b0d99f0de8d2951c0394578b6cb558817d2fc9e92bb1,16000,16000,1,1,160000,160000
89,dns2020_no_reverb_fileid_271.wav,dns2020_no_reverb_fileid_271,data/dns2020_synthetic_official_20260818/no_reverb/clean/dns2020_no_reverb_fileid_271.wav,data/dns2020_synthetic_official_20260818/no_reverb/noisy/dns2020_no_reverb_fileid_271.wav,9763f035e8f0b93fb050e4f00b4ac40d0fe08d1675a604a8ed61e29fdfc6f7bb,31aab1f412ec984ac45011254bc3b0b5bea8a4983d03f43cfe1395f1566200a3,16000,16000,1,1,160000,160000
90,dns2020_no_reverb_fileid_274.wav,dns2020_no_reverb_fileid_274,data/dns2020_synthetic_official_20260818/no_reverb/clean/dns2020_no_reverb_fileid_274.wav,data/dns2020_synthetic_official_20260818/no_reverb/noisy/dns2020_no_reverb_fileid_274.wav,09751a7b003066fe453f1c304834a0071c63f2d6ae079910daf7800b1ecf7473,2d25ad19dbb185c42f4d8d78f0dcb1bbc41b9a4449a161f5ecc9d858d6d9f9c4,16000,16000,1,1,160000,160000
91,dns2020_no_reverb_fileid_275.wav,dns2020_no_reverb_fileid_275,data/dns2020_synthetic_official_20260818/no_reverb/clean/dns2020_no_reverb_fileid_275.wav,data/dns2020_synthetic_official_20260818/no_reverb/noisy/dns2020_no_reverb_fileid_275.wav,621686c5a2b04c5a93d11e9ee0e8fcf321a6ad9f4c74afa61e6ec9e34f85488c,bde9e09c615bcbf366c0fe6a88b933f6eab2110ec64bda35ca1b20fba16d7b2a,16000,16000,1,1,160000,160000
92,dns2020_no_reverb_fileid_277.wav,dns2020_no_reverb_fileid_277,data/dns2020_synthetic_official_20260818/no_reverb/clean/dns2020_no_reverb_fileid_277.wav,data/dns2020_synthetic_official_20260818/no_reverb/noisy/dns2020_no_reverb_fileid_277.wav,e6276932c555836c7efbce71b767035d0a02281f19f3b8915e7103c82b66a90c,f34bb4dc1b998f76b1bcad1612f2dd53e68baf64733439cda216609ef3bf1c28,16000,16000,1,1,160000,160000
93,dns2020_no_reverb_fileid_280.wav,dns2020_no_reverb_fileid_280,data/dns2020_synthetic_official_20260818/no_reverb/clean/dns2020_no_reverb_fileid_280.wav,data/dns2020_synthetic_official_20260818/no_reverb/noisy/dns2020_no_reverb_fileid_280.wav,c938e5cbb81fee7ed1b81cb61b652df19e5288cfb91ec420a3eb87b626044a9a,557a5e0e83f5d36dd8ce302da1469f544ff5bee352ec7b7f8d7e200615e0872b,16000,16000,1,1,160000,160000
94,dns2020_no_reverb_fileid_282.wav,dns2020_no_reverb_fileid_282,data/dns2020_synthetic_official_20260818/no_reverb/clean/dns2020_no_reverb_fileid_282.wav,data/dns2020_synthetic_official_20260818/no_reverb/noisy/dns2020_no_reverb_fileid_282.wav,ab2894dc777ef305323215f06d9878cf3ba115e0b7c8849229ea544c1cdc1822,530c7662f3dc08d5e03d9cdfb60d4746ced5eb340d392822b68b4ee2b8f42fb4,16000,16000,1,1,160000,160000
95,dns2020_no_reverb_fileid_283.wav,dns2020_no_reverb_fileid_283,data/dns2020_synthetic_official_20260818/no_reverb/clean/dns2020_no_reverb_fileid_283.wav,data/dns2020_synthetic_official_20260818/no_reverb/noisy/dns2020_no_reverb_fileid_283.wav,9089086cb7b024983c8a156289898a3171c592880653b937d0f359ec7f6193cb,9a277cb37f1a0080b6a6a5f85b2df14a214db9b346c5c0e067490dcbd4af9c3b,16000,16000,1,1,160000,160000
96,dns2020_no_reverb_fileid_285.wav,dns2020_no_reverb_fileid_285,data/dns2020_synthetic_official_20260818/no_reverb/clean/dns2020_no_reverb_fileid_285.wav,data/dns2020_synthetic_official_20260818/no_reverb/noisy/dns2020_no_reverb_fileid_285.wav,4d7093d07aabbd7776cdaf465a374dc86dcdb9247281c4ca2b65f68efca3c6aa,68477191fed192356a26497449653cc68db3d2de9005044ced2bd24b4a55ec9d,16000,16000,1,1,160000,160000
97,dns2020_no_reverb_fileid_287.wav,dns2020_no_reverb_fileid_287,data/dns2020_synthetic_official_20260818/no_reverb/clean/dns2020_no_reverb_fileid_287.wav,data/dns2020_synthetic_official_20260818/no_reverb/noisy/dns2020_no_reverb_fileid_287.wav,dc25d0306f6338207c513c6e4aa69d83a06f14f96e811145acdf6543a60f271f,16e2a52a44dcc088bcf4472d2ed4bf5a926a526032f8964aa40f7bd94b692010,16000,16000,1,1,160000,160000
98,dns2020_no_reverb_fileid_288.wav,dns2020_no_reverb_fileid_288,data/dns2020_synthetic_official_20260818/no_reverb/clean/dns2020_no_reverb_fileid_288.wav,data/dns2020_synthetic_official_20260818/no_reverb/noisy/dns2020_no_reverb_fileid_288.wav,d444ad32dcd9a72d03111edb42c83c435b6827f44b59c9e5e4db29ef53465c5c,4bf51abbe138d9b27fd95405d52f7bbecd79f018566fc5c3cabbd7376d41a5de,16000,16000,1,1,160000,160000
99,dns2020_no_reverb_fileid_289.wav,dns2020_no_reverb_fileid_289,data/dns2020_synthetic_official_20260818/no_reverb/clean/dns2020_no_reverb_fileid_289.wav,data/dns2020_synthetic_official_20260818/no_reverb/noisy/dns2020_no_reverb_fileid_289.wav,7147f7c117ffb7376af2e90af3cd330dc6d37b3b43568af0d1321fbda00a47f3,841df44330add8f91dbfd8f179dec01d2ce653a2b73c099fdf2c27c4473912e9,16000,16000,1,1,160000,160000
100,dns2020_no_reverb_fileid_290.wav,dns2020_no_reverb_fileid_290,data/dns2020_synthetic_official_20260818/no_reverb/clean/dns2020_no_reverb_fileid_290.wav,data/dns2020_synthetic_official_20260818/no_reverb/noisy/dns2020_no_reverb_fileid_290.wav,e74a602b693d9d11eedde8d95d7c5b22e52578929d5e72e7764ff550d68bb143,a599319016e7897832a3b1e8d48e064a41db7e1c01b108c8bc43b458b9fa6e52,16000,16000,1,1,160000,160000
101,dns2020_no_reverb_fileid_291.wav,dns2020_no_reverb_fileid_291,data/dns2020_synthetic_official_20260818/no_reverb/clean/dns2020_no_reverb_fileid_291.wav,data/dns2020_synthetic_official_20260818/no_reverb/noisy/dns2020_no_reverb_fileid_291.wav,9b82f53ed1cb5e4bba10863d64b5c11d3ce365de143be45cce0ca2ac702957ce,cd59a16a31c7c40ce963e3075bbaadaab4a4c6308bcf83b9a3a96ba2b9e857b2,16000,16000,1,1,160000,160000
102,dns2020_no_reverb_fileid_293.wav,dns2020_no_reverb_fileid_293,data/dns2020_synthetic_official_20260818/no_reverb/clean/dns2020_no_reverb_fileid_293.wav,data/dns2020_synthetic_official_20260818/no_reverb/noisy/dns2020_no_reverb_fileid_293.wav,e2504959f6c0e8d921e57cfeba1ef75016e4dd5145961d3f02b9920044e44ab7,13893031881518fcd164a5280d89f301ca2b90b71406ee6ff71cd7c7c640f9b7,16000,16000,1,1,160000,160000
103,dns2020_no_reverb_fileid_296.wav,dns2020_no_reverb_fileid_296,data/dns2020_synthetic_official_20260818/no_reverb/clean/dns2020_no_reverb_fileid_296.wav,data/dns2020_synthetic_official_20260818/no_reverb/noisy/dns2020_no_reverb_fileid_296.wav,64753b5d79a551b8fb295c45d97a5898137e5a3998522b16cf6bf0d2f1872979,a2a6c25257233b582377415684e4bccb3793d9edf42131307e9199a7149e8ff8,16000,16000,1,1,160000,160000
104,dns2020_no_reverb_fileid_3.wav,dns2020_no_reverb_fileid_3,data/dns2020_synthetic_official_20260818/no_reverb/clean/dns2020_no_reverb_fileid_3.wav,data/dns2020_synthetic_official_20260818/no_reverb/noisy/dns2020_no_reverb_fileid_3.wav,ef1384d94607b5cafa916acfcaa941ec8f1d6ec57c227e347c907355c5282db7,feeb22fc0d6f041ed7f9071bceb5f474375770ec37ed44de0f93ac947baf3a9f,16000,16000,1,1,160000,160000
105,dns2020_no_reverb_fileid_300.wav,dns2020_no_reverb_fileid_300,data/dns2020_synthetic_official_20260818/no_reverb/clean/dns2020_no_reverb_fileid_300.wav,data/dns2020_synthetic_official_20260818/no_reverb/noisy/dns2020_no_reverb_fileid_300.wav,be9037c2b946decd601911d0a37edbf4a654686dae849d930fee38535226bed3,d794197f3dd0ee3089df892812b9a3353e48b9c67712c0e06ebb7fc755ebe1ea,16000,16000,1,1,160000,160000
106,dns2020_no_reverb_fileid_33.wav,dns2020_no_reverb_fileid_33,data/dns2020_synthetic_official_20260818/no_reverb/clean/dns2020_no_reverb_fileid_33.wav,data/dns2020_synthetic_official_20260818/no_reverb/noisy/dns2020_no_reverb_fileid_33.wav,e2d90fbb8e34fe0e2fdeaed496911d7eae0acb636f8840552a7ae4cf61578656,968e30226e7f2b6b2b70207d2b19b56bf18ff0008922be81e2a9acdead84a05d,16000,16000,1,1,160000,160000
107,dns2020_no_reverb_fileid_34.wav,dns2020_no_reverb_fileid_34,data/dns2020_synthetic_official_20260818/no_reverb/clean/dns2020_no_reverb_fileid_34.wav,data/dns2020_synthetic_official_20260818/no_reverb/noisy/dns2020_no_reverb_fileid_34.wav,a575b601c21d995205f7a89f6727205f6a3d69e1d569a8f67c19145f8ca3302a,0746c759e5882afb280d3bbcd913a736026cdc4479f5218d523db6c6e8ed7c9b,16000,16000,1,1,160000,160000
108,dns2020_no_reverb_fileid_35.wav,dns2020_no_reverb_fileid_35,data/dns2020_synthetic_official_20260818/no_reverb/clean/dns2020_no_reverb_fileid_35.wav,data/dns2020_synthetic_official_20260818/no_reverb/noisy/dns2020_no_reverb_fileid_35.wav,1ab442645c9e523b93057018933750edf1331eceb9cb785dc4acf367c760d4fb,7191921d8a236e9b0039c81eb7896912694649792bc55c48278bc0aae92726d0,16000,16000,1,1,160000,160000
109,dns2020_no_reverb_fileid_37.wav,dns2020_no_reverb_fileid_37,data/dns2020_synthetic_official_20260818/no_reverb/clean/dns2020_no_reverb_fileid_37.wav,data/dns2020_synthetic_official_20260818/no_reverb/noisy/dns2020_no_reverb_fileid_37.wav,5efd512da95e2888a46c274cee8db4e330077293665ac6fb6f7c5523021e4b49,ecff81337987fbcc0e4e12460be0faf39e30ab61c6f6fbedd79e460986fe5668,16000,16000,1,1,160000,160000
110,dns2020_no_reverb_fileid_38.wav,dns2020_no_reverb_fileid_38,data/dns2020_synthetic_official_20260818/no_reverb/clean/dns2020_no_reverb_fileid_38.wav,data/dns2020_synthetic_official_20260818/no_reverb/noisy/dns2020_no_reverb_fileid_38.wav,604ad753f782e90ad0661f45eeba3f8f2441a35b90a703e498d186e641692217,81cb0451793eeb0d05276808c846b397ec85325f404e15d23691625fa352d933,16000,16000,1,1,160000,160000
111,dns2020_no_reverb_fileid_4.wav,dns2020_no_reverb_fileid_4,data/dns2020_synthetic_official_20260818/no_reverb/clean/dns2020_no_reverb_fileid_4.wav,data/dns2020_synthetic_official_20260818/no_reverb/noisy/dns2020_no_reverb_fileid_4.wav,c15923ecd2e85de795879d3ad5830b29b081b78713a173b13add292f1734756c,c558a60ebe667eacf2962d1057231d9bdb666cd090de70249f2542993e2099dd,16000,16000,1,1,160000,160000
112,dns2020_no_reverb_fileid_42.wav,dns2020_no_reverb_fileid_42,data/dns2020_synthetic_official_20260818/no_reverb/clean/dns2020_no_reverb_fileid_42.wav,data/dns2020_synthetic_official_20260818/no_reverb/noisy/dns2020_no_reverb_fileid_42.wav,a51283c1384b3a2c93a131dbe7c92633ac394e39ca5eebd18ddabbab74597013,0e89e1b4b7bc3175a545a5f03ed1ac2b20bac9661a5db87939b66beba1dfa913,16000,16000,1,1,160000,160000
113,dns2020_no_reverb_fileid_43.wav,dns2020_no_reverb_fileid_43,data/dns2020_synthetic_official_20260818/no_reverb/clean/dns2020_no_reverb_fileid_43.wav,data/dns2020_synthetic_official_20260818/no_reverb/noisy/dns2020_no_reverb_fileid_43.wav,f582f990d78c163fb8eb6a1d011fc6f0634ac18a59dbeedd73af75ed94de9354,03a50b457f2e00b2d6c16136fabb8cc835a0fc4ab629a836d35004a5b00222a0,16000,16000,1,1,160000,160000
114,dns2020_no_reverb_fileid_44.wav,dns2020_no_reverb_fileid_44,data/dns2020_synthetic_official_20260818/no_reverb/clean/dns2020_no_reverb_fileid_44.wav,data/dns2020_synthetic_official_20260818/no_reverb/noisy/dns2020_no_reverb_fileid_44.wav,6e68a3cf9a794599813f753d449127d1b4d0b47e4764339966455b9e8894c0af,e501339eb1f7174811b7fe40ecc0b5a12200a1612a8acf8c9acb4090730ebde7,16000,16000,1,1,160000,160000
115,dns2020_no_reverb_fileid_45.wav,dns2020_no_reverb_fileid_45,data/dns2020_synthetic_official_20260818/no_reverb/clean/dns2020_no_reverb_fileid_45.wav,data/dns2020_synthetic_official_20260818/no_reverb/noisy/dns2020_no_reverb_fileid_45.wav,eadda38c2aaf353b70415fd733e971c89f04416b570867169eb42a05b99ce069,b443f06ee8fb5e0b361bb1aed38dcffcd981d7b73f111f8bbd7276002372a604,16000,16000,1,1,160000,160000
116,dns2020_no_reverb_fileid_47.wav,dns2020_no_reverb_fileid_47,data/dns2020_synthetic_official_20260818/no_reverb/clean/dns2020_no_reverb_fileid_47.wav,data/dns2020_synthetic_official_20260818/no_reverb/noisy/dns2020_no_reverb_fileid_47.wav,7932dd36143f244f388290fdcfafc83477433c42a6fb87086ab3ac2598f27843,0d7f28155059e94625a03aa6681d257bd2108e5bed9894affc22bf15327b4230,16000,16000,1,1,160000,160000
117,dns2020_no_reverb_fileid_48.wav,dns2020_no_reverb_fileid_48,data/dns2020_synthetic_official_20260818/no_reverb/clean/dns2020_no_reverb_fileid_48.wav,data/dns2020_synthetic_official_20260818/no_reverb/noisy/dns2020_no_reverb_fileid_48.wav,c43ae83a4f259aaad6f4e8740e7510a2617958d98d9e2bdc971722c7a69c70c3,45d97ecfa0ea3552bcc423f8990b4ce9a1c66dbf87bb1ab378e48674fc0b49b2,16000,16000,1,1,160000,160000
118,dns2020_no_reverb_fileid_49.wav,dns2020_no_reverb_fileid_49,data/dns2020_synthetic_official_20260818/no_reverb/clean/dns2020_no_reverb_fileid_49.wav,data/dns2020_synthetic_official_20260818/no_reverb/noisy/dns2020_no_reverb_fileid_49.wav,5ce2f20efa51b6d094fccddb1907608153af2e256d026809e6a403d3534c92b9,050917f9c0329e066728a8b66b97d2500b81f2a9a2ca6bcfaa1d5678aa057386,16000,16000,1,1,160000,160000
119,dns2020_no_reverb_fileid_5.wav,dns2020_no_reverb_fileid_5,data/dns2020_synthetic_official_20260818/no_reverb/clean/dns2020_no_reverb_fileid_5.wav,data/dns2020_synthetic_official_20260818/no_reverb/noisy/dns2020_no_reverb_fileid_5.wav,50eaad9deca33aec659a144bcbf69ad497a62bf41ad83e626c2065941bd1be89,ac6f4429de7eb45f17c0659c81bfdb58470ea967b14bc13f5791e743c0bedbaf,16000,16000,1,1,160000,160000
120,dns2020_no_reverb_fileid_50.wav,dns2020_no_reverb_fileid_50,data/dns2020_synthetic_official_20260818/no_reverb/clean/dns2020_no_reverb_fileid_50.wav,data/dns2020_synthetic_official_20260818/no_reverb/noisy/dns2020_no_reverb_fileid_50.wav,64239a2d532a2244fc981f485dbf87b58f2b2f1fefb0e95dbc04a56772a9b0f8,8585f7d5d4dd583d3a900d2cd4d938a15c0d377909a26e488bb5aa95e932b606,16000,16000,1,1,160000,160000
121,dns2020_no_reverb_fileid_52.wav,dns2020_no_reverb_fileid_52,data/dns2020_synthetic_official_20260818/no_reverb/clean/dns2020_no_reverb_fileid_52.wav,data/dns2020_synthetic_official_20260818/no_reverb/noisy/dns2020_no_reverb_fileid_52.wav,8e1f74d0c6d6fd751c36b9e2ee5192f13052e1f389a1c7accc94faf5e1e41b83,9d4c0de6038f9b90cb4972a180ff5c05f1aa51ee52bc35bb49a5d26885bdbb77,16000,16000,1,1,160000,160000
122,dns2020_no_reverb_fileid_53.wav,dns2020_no_reverb_fileid_53,data/dns2020_synthetic_official_20260818/no_reverb/clean/dns2020_no_reverb_fileid_53.wav,data/dns2020_synthetic_official_20260818/no_reverb/noisy/dns2020_no_reverb_fileid_53.wav,2628aea3ccd1656f7eecadcf2d538a9fe155909dce12996bddb828c806e7ab51,e3ba5ee3447d38ff0cb6081317ed05300bb86903444c5f645c0d3a6d5a9fee3f,16000,16000,1,1,160000,160000
123,dns2020_no_reverb_fileid_54.wav,dns2020_no_reverb_fileid_54,data/dns2020_synthetic_official_20260818/no_reverb/clean/dns2020_no_reverb_fileid_54.wav,data/dns2020_synthetic_official_20260818/no_reverb/noisy/dns2020_no_reverb_fileid_54.wav,605e5041edd02a82e6415b80fd2ad5aa3791a91a086243e8d6504a81e3666416,e1b62bc8eff2457148874e0a1eb5fe1bca246e69233282f18816cf0079260af6,16000,16000,1,1,160000,160000
124,dns2020_no_reverb_fileid_57.wav,dns2020_no_reverb_fileid_57,data/dns2020_synthetic_official_20260818/no_reverb/clean/dns2020_no_reverb_fileid_57.wav,data/dns2020_synthetic_official_20260818/no_reverb/noisy/dns2020_no_reverb_fileid_57.wav,10518be073ec92f3c54fe3b587ea814577ade69b513969502c8bf8a41da35a5b,59658ae48ff67db61f342124085a58732e47e5b9fa5cba71e30ea6fa2bca1b6b,16000,16000,1,1,160000,160000
125,dns2020_no_reverb_fileid_58.wav,dns2020_no_reverb_fileid_58,data/dns2020_synthetic_official_20260818/no_reverb/clean/dns2020_no_reverb_fileid_58.wav,data/dns2020_synthetic_official_20260818/no_reverb/noisy/dns2020_no_reverb_fileid_58.wav,229a1d7f90fcc6f09c04b79f5847d306a2c652d835fbd4ece8232eb8f251dee3,131e96366c4d791aa58f802d84ff65af17abc5547589e42bff2c7bf625903216,16000,16000,1,1,160000,160000
126,dns2020_no_reverb_fileid_59.wav,dns2020_no_reverb_fileid_59,data/dns2020_synthetic_official_20260818/no_reverb/clean/dns2020_no_reverb_fileid_59.wav,data/dns2020_synthetic_official_20260818/no_reverb/noisy/dns2020_no_reverb_fileid_59.wav,af6ab62f6f3503432723b856abb382aac8116102e79290f60f0bc478acb168d9,8fdfe9d8041da35477d9f4e5778305bae6174a153e5c74f74796ec12d5f10d7a,16000,16000,1,1,160000,160000
127,dns2020_no_reverb_fileid_6.wav,dns2020_no_reverb_fileid_6,data/dns2020_synthetic_official_20260818/no_reverb/clean/dns2020_no_reverb_fileid_6.wav,data/dns2020_synthetic_official_20260818/no_reverb/noisy/dns2020_no_reverb_fileid_6.wav,2f3aa557b9968799c3d2f4cc7020d09ffa88d74ece0399354435e732b9b297cd,12c9b31810d140ac60d75451787844f76b2fa491e82eff783063a581729e41f3,16000,16000,1,1,160000,160000
128,dns2020_no_reverb_fileid_60.wav,dns2020_no_reverb_fileid_60,data/dns2020_synthetic_official_20260818/no_reverb/clean/dns2020_no_reverb_fileid_60.wav,data/dns2020_synthetic_official_20260818/no_reverb/noisy/dns2020_no_reverb_fileid_60.wav,770b1a9042e531f3e38d777173a021bf1f05b9b21a355f9761f9ae71ce74d0d7,5cb2f8ffdbeda96f946c329995b3f24c97300e55070c035e544e64c8939b9d1a,16000,16000,1,1,160000,160000
129,dns2020_no_reverb_fileid_63.wav,dns2020_no_reverb_fileid_63,data/dns2020_synthetic_official_20260818/no_reverb/clean/dns2020_no_reverb_fileid_63.wav,data/dns2020_synthetic_official_20260818/no_reverb/noisy/dns2020_no_reverb_fileid_63.wav,f57179227957862c6a55eea27df449a30d941accb358ef7df5169223b974889e,d06a2e8e29615131889797a21173e2ee5c74c33bc050c80a19edf034eac60d79,16000,16000,1,1,160000,160000
130,dns2020_no_reverb_fileid_64.wav,dns2020_no_reverb_fileid_64,data/dns2020_synthetic_official_20260818/no_reverb/clean/dns2020_no_reverb_fileid_64.wav,data/dns2020_synthetic_official_20260818/no_reverb/noisy/dns2020_no_reverb_fileid_64.wav,adf17194bf6b4302b4e4bce9274f3e845007d39f136ae4ebb38d341d324fe06c,59564547f2fcca476278e8c5423e6fb65e712ef6188e2419465c6bd4f9c8dfcc,16000,16000,1,1,160000,160000
131,dns2020_no_reverb_fileid_66.wav,dns2020_no_reverb_fileid_66,data/dns2020_synthetic_official_20260818/no_reverb/clean/dns2020_no_reverb_fileid_66.wav,data/dns2020_synthetic_official_20260818/no_reverb/noisy/dns2020_no_reverb_fileid_66.wav,17f125b0eb21e89453620e23f1092ea7034b8cda0a56df73124bfaa60b429741,c18f558c02f63810b78f1dce21042684a63aaac7ea621000c47a501e7f8ed687,16000,16000,1,1,160000,160000
132,dns2020_no_reverb_fileid_67.wav,dns2020_no_reverb_fileid_67,data/dns2020_synthetic_official_20260818/no_reverb/clean/dns2020_no_reverb_fileid_67.wav,data/dns2020_synthetic_official_20260818/no_reverb/noisy/dns2020_no_reverb_fileid_67.wav,8b42b641e8a63248045216045dfa1a85453af8e25b22d4059c8adc328651c164,65f4013fd4502bced501c86971ddb7f68092c25f114f130272d80626041c3af0,16000,16000,1,1,160000,160000
133,dns2020_no_reverb_fileid_69.wav,dns2020_no_reverb_fileid_69,data/dns2020_synthetic_official_20260818/no_reverb/clean/dns2020_no_reverb_fileid_69.wav,data/dns2020_synthetic_official_20260818/no_reverb/noisy/dns2020_no_reverb_fileid_69.wav,a1eac6fb56f1276603e4b38b3febb3dbf03d862c5ce61c1d7064ddad04f718af,63e49eaf70ad1ece7cd5e1b9d3ef0bec66d47b6c200a79a5c59b8247082b00ef,16000,16000,1,1,160000,160000
134,dns2020_no_reverb_fileid_7.wav,dns2020_no_reverb_fileid_7,data/dns2020_synthetic_official_20260818/no_reverb/clean/dns2020_no_reverb_fileid_7.wav,data/dns2020_synthetic_official_20260818/no_reverb/noisy/dns2020_no_reverb_fileid_7.wav,bbb61ec97c07067b7aa1a0270473b0d38f856272279210a903c67e547527aef7,39eb5ccf3d259c92d716155b1688087fd8b4a1c67719a279cc16f53d7ecbe534,16000,16000,1,1,160000,160000
135,dns2020_no_reverb_fileid_71.wav,dns2020_no_reverb_fileid_71,data/dns2020_synthetic_official_20260818/no_reverb/clean/dns2020_no_reverb_fileid_71.wav,data/dns2020_synthetic_official_20260818/no_reverb/noisy/dns2020_no_reverb_fileid_71.wav,48a167587517ce07c4bffcce22b3d59350211ae7825f5f05e9969c05ffb934d7,fa2bc67332c8fc8b20ee519d492e1c8c3d50f80123fe047c8d7f2c3e80e96e5f,16000,16000,1,1,160000,160000
136,dns2020_no_reverb_fileid_72.wav,dns2020_no_reverb_fileid_72,data/dns2020_synthetic_official_20260818/no_reverb/clean/dns2020_no_reverb_fileid_72.wav,data/dns2020_synthetic_official_20260818/no_reverb/noisy/dns2020_no_reverb_fileid_72.wav,a9e8dc0d298470e75f43c8a4f0ac3777973d4d597a825fe1c5937a3b2526f2ca,143d42316f43d6ec52180f09c8b00b99ff0b8adb0da4cc0255005f10487e4626,16000,16000,1,1,160000,160000
137,dns2020_no_reverb_fileid_73.wav,dns2020_no_reverb_fileid_73,data/dns2020_synthetic_official_20260818/no_reverb/clean/dns2020_no_reverb_fileid_73.wav,data/dns2020_synthetic_official_20260818/no_reverb/noisy/dns2020_no_reverb_fileid_73.wav,56ef3ebd94083e62e04fb3f9be7f6e7b71cef7d6e140d87a3834feb0ccb6fc14,53df3efb5f5ac59f66aa45c4b441513079dd91d65d2deea805261e545fdc1c6e,16000,16000,1,1,160000,160000
138,dns2020_no_reverb_fileid_76.wav,dns2020_no_reverb_fileid_76,data/dns2020_synthetic_official_20260818/no_reverb/clean/dns2020_no_reverb_fileid_76.wav,data/dns2020_synthetic_official_20260818/no_reverb/noisy/dns2020_no_reverb_fileid_76.wav,15c9dfab38381962386329435409df692e1d316945843f59463a56b24c406dda,913983b67917a3880d13a0a4419b2f6d33d8d4d3dbee6555c59f3f7ffe5cdfa7,16000,16000,1,1,160000,160000
139,dns2020_no_reverb_fileid_77.wav,dns2020_no_reverb_fileid_77,data/dns2020_synthetic_official_20260818/no_reverb/clean/dns2020_no_reverb_fileid_77.wav,data/dns2020_synthetic_official_20260818/no_reverb/noisy/dns2020_no_reverb_fileid_77.wav,54bb85cc5c0909fb22f8113b7507d37ad9fa203563ed2b10bb45beb7a0fb92a5,a521f25671be2a6575b86f8129af930427c589225e3e3baa3e00342c4da0cf7e,16000,16000,1,1,160000,160000
140,dns2020_no_reverb_fileid_8.wav,dns2020_no_reverb_fileid_8,data/dns2020_synthetic_official_20260818/no_reverb/clean/dns2020_no_reverb_fileid_8.wav,data/dns2020_synthetic_official_20260818/no_reverb/noisy/dns2020_no_reverb_fileid_8.wav,b3578beef5ca8d2007192ef9e9d564e024e12b9aa58bd4b6bf0378bd228a3f6b,d1a1060282e823a08aae5b9a09edf1b87fe31be9e9cd336c0a7d25014311c82c,16000,16000,1,1,160000,160000
141,dns2020_no_reverb_fileid_80.wav,dns2020_no_reverb_fileid_80,data/dns2020_synthetic_official_20260818/no_reverb/clean/dns2020_no_reverb_fileid_80.wav,data/dns2020_synthetic_official_20260818/no_reverb/noisy/dns2020_no_reverb_fileid_80.wav,e416b1927c59385f1fe71c3b96c65153c3681eda055aa3bf6bdaab0684468152,cb1b95786c4900175ca32973b12eb1d87ebc52c87d6548e6cc50964d48dd988b,16000,16000,1,1,160000,160000
142,dns2020_no_reverb_fileid_81.wav,dns2020_no_reverb_fileid_81,data/dns2020_synthetic_official_20260818/no_reverb/clean/dns2020_no_reverb_fileid_81.wav,data/dns2020_synthetic_official_20260818/no_reverb/noisy/dns2020_no_reverb_fileid_81.wav,8f142e615c2df7c50f46f8d95ae111cb79ffb8e1799b39bb4ba123a7ae7434ab,26a7cee039f9f3e1e897c5b0427f541957100a25aa43dca7ff94cabd972b129d,16000,16000,1,1,160000,160000
143,dns2020_no_reverb_fileid_82.wav,dns2020_no_reverb_fileid_82,data/dns2020_synthetic_official_20260818/no_reverb/clean/dns2020_no_reverb_fileid_82.wav,data/dns2020_synthetic_official_20260818/no_reverb/noisy/dns2020_no_reverb_fileid_82.wav,f45411677d7f25de17e098f58963448994b977a25b1d236b748c05cadddea171,aa15463eb535428d275f12538b1f7806507762df8a00d225fa6ab4a474ec5905,16000,16000,1,1,160000,160000
144,dns2020_no_reverb_fileid_88.wav,dns2020_no_reverb_fileid_88,data/dns2020_synthetic_official_20260818/no_reverb/clean/dns2020_no_reverb_fileid_88.wav,data/dns2020_synthetic_official_20260818/no_reverb/noisy/dns2020_no_reverb_fileid_88.wav,a3a27814b39487ba209acd20e0416c90a04daea21ded2e3c5e101b33045700d5,c2b00754303f35ff341e787c238e40ae1e4164b6d663492c5a858e8c2462c21e,16000,16000,1,1,160000,160000
145,dns2020_no_reverb_fileid_89.wav,dns2020_no_reverb_fileid_89,data/dns2020_synthetic_official_20260818/no_reverb/clean/dns2020_no_reverb_fileid_89.wav,data/dns2020_synthetic_official_20260818/no_reverb/noisy/dns2020_no_reverb_fileid_89.wav,6ba78bcdbafda79a23d6bb31c5e84c2e9a93fe0e5d10968d76152bbdaa23c8a7,19d80d2388ef7ce4e410b431f5c375ef25bd1f26a8ec49d92aeb8a18c121df0a,16000,16000,1,1,160000,160000
146,dns2020_no_reverb_fileid_9.wav,dns2020_no_reverb_fileid_9,data/dns2020_synthetic_official_20260818/no_reverb/clean/dns2020_no_reverb_fileid_9.wav,data/dns2020_synthetic_official_20260818/no_reverb/noisy/dns2020_no_reverb_fileid_9.wav,8426ddeef84b67a5f73a1fbbce9ce09f8e3d59f872753d194c03d4db79fb7527,2804056b9f2f85736973ff0ef5073ec7d0ab04ed4d834a351cc9c3c6ff8ab0d4,16000,16000,1,1,160000,160000
147,dns2020_no_reverb_fileid_90.wav,dns2020_no_reverb_fileid_90,data/dns2020_synthetic_official_20260818/no_reverb/clean/dns2020_no_reverb_fileid_90.wav,data/dns2020_synthetic_official_20260818/no_reverb/noisy/dns2020_no_reverb_fileid_90.wav,bf2a3d180ac5c5e5eb7fe5d9e348b6fd62e79cddaf394800fa454047fada13a8,7f845aaffe063a61baeed6bfdff8c880f228abdf8e6fabafd35e5e72cf645ad0,16000,16000,1,1,160000,160000
148,dns2020_no_reverb_fileid_94.wav,dns2020_no_reverb_fileid_94,data/dns2020_synthetic_official_20260818/no_reverb/clean/dns2020_no_reverb_fileid_94.wav,data/dns2020_synthetic_official_20260818/no_reverb/noisy/dns2020_no_reverb_fileid_94.wav,85e116c44f75a64d5e20dae42293455a46b4c265cd2c2fc93a26013f41652201,3deaad497999a68b42e297a964e02de4c334c2af0409680a53db4ed60be48b5f,16000,16000,1,1,160000,160000
149,dns2020_no_reverb_fileid_96.wav,dns2020_no_reverb_fileid_96,data/dns2020_synthetic_official_20260818/no_reverb/clean/dns2020_no_reverb_fileid_96.wav,data/dns2020_synthetic_official_20260818/no_reverb/noisy/dns2020_no_reverb_fileid_96.wav,b3718b469e0e339f0f275709cf8cb6dd2decc042e1ed8d360dd8413d02d5c8cd,3a84d7da411d02ac93bc8c53df2042941eefd3b2f487039d0a4fc656596b76c6,16000,16000,1,1,160000,160000
