dataset,metric,utterances,dynamic_minus_static_mean,ci95_low,ci95_high,wins,ties,losses
dns,PESQ,150,0.0376585515340169,0.0318941699266433,0.0434384269118308,130,1,19
dns,STOI,150,0.0003780268986141,0.0002687212823548,0.0005000712647751,117,1,32
dns,CSIG,150,0.0271770776154323,0.0218081180601103,0.0328521410981603,110,16,24
dns,CBAK,150,0.0200794253569055,0.0171806961351573,0.0230358760276953,131,1,18
dns,COVL,150,0.0350738457319377,0.0297753481702307,0.0406038339871011,132,1,17
dns,SSNR,150,-0.0437887378926673,-0.0548223188300969,-0.0338506065063258,14,1,135
dns,SISDR,150,0.0005197095870973,-0.0016959358056384,0.0028268420696263,73,1,76
ears_d,PESQ,886,0.0250544335449253,0.0234045771457271,0.0267487037968958,754,1,131
ears_d,STOI,886,0.001009647552403,0.0008803623178241,0.0011420050538212,648,1,237
ears_d,CSIG,886,0.0288452124745664,0.0268413154359493,0.0308672819554365,750,18,118
ears_d,CBAK,886,0.0142522194452183,0.013404092014816,0.0150999841263967,799,1,86
ears_d,COVL,886,0.0280877972344259,0.0263497690993978,0.0298407388840209,781,1,104
ears_d,SSNR,886,-0.0057062088073111,-0.0063126653093531,-0.0051134334615645,205,1,680
ears_d,SISDR,886,0.0001751211093177,-0.0001827535033042,0.0005425417428661,481,1,404
musan_music,PESQ,2620,0.0437194819668777,0.0414412916002382,0.0459731064861967,2193,1,426
musan_music,STOI,2620,0.0004483391318124,0.0003815740090751,0.0005157546161211,1806,1,813
musan_music,CSIG,2620,0.04857498066634,0.046134456057786,0.051010627740561,2121,36,463
musan_music,CBAK,2620,0.0285557318660346,0.0272217701109735,0.029912881570374,2208,11,401
musan_music,COVL,2620,0.0503798379811435,0.0480823760551955,0.0526887184922532,2203,28,389
musan_music,SSNR,2620,-0.068623814839915,-0.0725000380700843,-0.0647698605188277,408,1,2211
musan_music,SISDR,2620,0.0143828687791264,0.0134744249301329,0.0153056399781392,1924,1,695
