Filename,PESQ_source,PESQ_dynamic,PESQ_delta_dynamic_minus_source
dns2020_no_reverb_fileid_0.wav,2.3996949195861816,2.6341938972473145,0.2344989776611328
dns2020_no_reverb_fileid_101.wav,1.1310105323791504,1.226278305053711,0.09526777267456055
dns2020_no_reverb_fileid_102.wav,1.1196874380111694,1.2479342222213743,0.12824678421020486
dns2020_no_reverb_fileid_104.wav,1.0754375457763672,1.0860487222671509,0.010611176490783691
dns2020_no_reverb_fileid_105.wav,1.4519683122634888,1.4901127815246582,0.038144469261169434
dns2020_no_reverb_fileid_107.wav,2.3536689281463623,2.8334054946899414,0.4797365665435791
dns2020_no_reverb_fileid_110.wav,1.648422122001648,1.8137381076812744,0.16531598567962646
dns2020_no_reverb_fileid_112.wav,1.2714793682098389,1.5711959600448608,0.299716591835022
dns2020_no_reverb_fileid_113.wav,1.9330339431762693,2.5331919193267822,0.6001579761505129
dns2020_no_reverb_fileid_116.wav,1.5153318643569946,1.740543007850647,0.22521114349365234
dns2020_no_reverb_fileid_117.wav,2.4204933643341064,2.6619818210601807,0.24148845672607422
dns2020_no_reverb_fileid_118.wav,1.795332908630371,1.9690251350402832,0.1736922264099121
dns2020_no_reverb_fileid_125.wav,1.2609083652496338,1.3112653493881226,0.05035698413848877
dns2020_no_reverb_fileid_127.wav,2.125898122787476,2.466007709503174,0.3401095867156978
dns2020_no_reverb_fileid_130.wav,2.449256896972656,3.1293535232543945,0.6800966262817387
dns2020_no_reverb_fileid_132.wav,1.525247573852539,1.7687857151031494,0.24353814125061035
dns2020_no_reverb_fileid_133.wav,1.6029303073883057,1.636233925819397,0.03330361843109131
dns2020_no_reverb_fileid_134.wav,1.6079047918319702,2.354623317718506,0.7467185258865356
dns2020_no_reverb_fileid_136.wav,1.6146632432937622,1.7870267629623413,0.1723635196685791
dns2020_no_reverb_fileid_137.wav,2.045076370239258,2.185068130493164,0.13999176025390625
dns2020_no_reverb_fileid_139.wav,2.492237329483032,2.775441646575928,0.2832043170928964
dns2020_no_reverb_fileid_14.wav,1.902970314025879,2.151024341583252,0.24805402755737305
dns2020_no_reverb_fileid_142.wav,1.4633519649505615,1.6821110248565674,0.21875905990600586
dns2020_no_reverb_fileid_143.wav,1.5830028057098389,1.6686831712722778,0.08568036556243896
dns2020_no_reverb_fileid_145.wav,1.6721055507659912,2.010054349899292,0.3379487991333008
dns2020_no_reverb_fileid_146.wav,2.485687255859375,2.714984893798828,0.22929763793945312
dns2020_no_reverb_fileid_147.wav,1.442379355430603,1.5930912494659424,0.15071189403533936
dns2020_no_reverb_fileid_149.wav,1.8392572402954104,2.109499216079712,0.27024197578430154
dns2020_no_reverb_fileid_150.wav,1.2282410860061646,1.4945961236953735,0.266355037689209
dns2020_no_reverb_fileid_152.wav,2.157124757766724,2.665344476699829,0.508219718933105
dns2020_no_reverb_fileid_155.wav,1.46725594997406,1.594886302947998,0.127630352973938
dns2020_no_reverb_fileid_156.wav,1.9608609676361084,2.188016891479492,0.2271559238433838
dns2020_no_reverb_fileid_158.wav,2.013388633728028,2.389916181564331,0.37652754783630327
dns2020_no_reverb_fileid_16.wav,1.7780499458312988,2.280734062194824,0.5026841163635254
dns2020_no_reverb_fileid_161.wav,1.2306181192398071,1.5721900463104248,0.3415719270706177
dns2020_no_reverb_fileid_163.wav,1.4034579992294312,1.719825267791748,0.3163672685623169
dns2020_no_reverb_fileid_165.wav,1.810957789421081,2.137725591659546,0.3267678022384648
dns2020_no_reverb_fileid_166.wav,1.7882587909698486,2.071385622024536,0.2831268310546875
dns2020_no_reverb_fileid_167.wav,1.7219247817993164,1.972085237503052,0.2501604557037356
dns2020_no_reverb_fileid_169.wav,1.4527945518493652,1.6288787126541138,0.17608416080474854
dns2020_no_reverb_fileid_17.wav,1.2162121534347534,1.409851312637329,0.19363915920257568
dns2020_no_reverb_fileid_170.wav,1.1902766227722168,1.2933855056762695,0.10310888290405273
dns2020_no_reverb_fileid_173.wav,1.3842432498931885,2.0269341468811035,0.642690896987915
dns2020_no_reverb_fileid_175.wav,1.4080941677093506,1.4176970720291138,0.009602904319763184
dns2020_no_reverb_fileid_176.wav,1.6572529077529907,1.6668163537979126,0.009563446044921875
dns2020_no_reverb_fileid_178.wav,2.119801998138428,2.601396322250366,0.48159432411193803
dns2020_no_reverb_fileid_180.wav,1.324999213218689,1.9255096912384035,0.6005104780197146
dns2020_no_reverb_fileid_181.wav,3.053415298461914,3.6284236907958975,0.5750083923339835
dns2020_no_reverb_fileid_19.wav,1.5613150596618652,1.6782299280166626,0.11691486835479736
dns2020_no_reverb_fileid_191.wav,2.49010968208313,2.4777982234954834,-0.012311458587646484
dns2020_no_reverb_fileid_192.wav,1.1485638618469238,1.208941102027893,0.06037724018096924
dns2020_no_reverb_fileid_197.wav,2.172748327255249,2.6514036655426025,0.4786553382873535
dns2020_no_reverb_fileid_199.wav,1.7999656200408936,2.003356456756592,0.20339083671569824
dns2020_no_reverb_fileid_2.wav,2.061175584793091,2.364396810531616,0.3032212257385254
dns2020_no_reverb_fileid_20.wav,1.4994735717773438,1.8309838771820068,0.3315103054046631
dns2020_no_reverb_fileid_200.wav,1.991606950759888,2.247886657714844,0.2562797069549563
dns2020_no_reverb_fileid_201.wav,1.70952308177948,1.9912269115448,0.28170382976532005
dns2020_no_reverb_fileid_205.wav,1.9446367025375368,2.1832168102264404,0.2385801076889036
dns2020_no_reverb_fileid_206.wav,1.8072013854980469,1.9921989440917969,0.18499755859375
dns2020_no_reverb_fileid_207.wav,1.173700213432312,1.2251226902008057,0.05142247676849365
dns2020_no_reverb_fileid_208.wav,1.85545015335083,2.2244973182678223,0.3690471649169922
dns2020_no_reverb_fileid_21.wav,1.7222049236297607,2.0209128856658936,0.2987079620361328
dns2020_no_reverb_fileid_210.wav,1.9074907302856443,2.040148496627808,0.13265776634216375
dns2020_no_reverb_fileid_213.wav,2.007964849472046,2.521248340606689,0.5132834911346431
dns2020_no_reverb_fileid_214.wav,2.233259677886963,2.556461811065674,0.32320213317871094
dns2020_no_reverb_fileid_218.wav,2.5968809127807617,2.924001216888428,0.32712030410766646
dns2020_no_reverb_fileid_220.wav,1.801361083984375,2.228721141815185,0.4273600578308101
dns2020_no_reverb_fileid_221.wav,1.2180485725402832,1.3802087306976318,0.16216015815734863
dns2020_no_reverb_fileid_223.wav,1.179035186767578,1.237558126449585,0.05852293968200706
dns2020_no_reverb_fileid_228.wav,1.466926336288452,1.9541336297988887,0.4872072935104368
dns2020_no_reverb_fileid_229.wav,1.2414023876190186,1.367171287536621,0.12576889991760254
dns2020_no_reverb_fileid_23.wav,1.5592620372772217,1.7234184741973877,0.16415643692016602
dns2020_no_reverb_fileid_231.wav,1.433873176574707,1.573868751525879,0.13999557495117188
dns2020_no_reverb_fileid_232.wav,2.00576114654541,2.495697259902954,0.48993611335754395
dns2020_no_reverb_fileid_234.wav,1.122125506401062,1.1887810230255127,0.06665551662445068
dns2020_no_reverb_fileid_238.wav,1.2554354667663574,1.2941094636917114,0.038673996925354004
dns2020_no_reverb_fileid_241.wav,1.3952068090438845,1.852635145187378,0.45742833614349343
dns2020_no_reverb_fileid_243.wav,1.3989845514297483,1.4247446060180664,0.025760054588318093
dns2020_no_reverb_fileid_245.wav,2.0266873836517334,2.130275011062622,0.10358762741088867
dns2020_no_reverb_fileid_247.wav,1.7798432111740112,2.071923017501831,0.2920798063278198
dns2020_no_reverb_fileid_249.wav,1.9131287336349487,2.708308458328247,0.7951797246932983
dns2020_no_reverb_fileid_250.wav,1.627475023269653,1.978363275527954,0.350888252258301
dns2020_no_reverb_fileid_252.wav,1.1933618783950806,1.290410041809082,0.09704816341400146
dns2020_no_reverb_fileid_253.wav,1.2814438343048096,1.3327031135559082,0.05125927925109863
dns2020_no_reverb_fileid_255.wav,1.225450038909912,1.4025760889053345,0.17712604999542236
dns2020_no_reverb_fileid_26.wav,2.167811632156372,2.3721625804901123,0.20435094833374023
dns2020_no_reverb_fileid_261.wav,1.6578787565231323,1.832630634307861,0.17475187778472878
dns2020_no_reverb_fileid_264.wav,1.1239463090896606,1.1967421770095823,0.07279586791992165
dns2020_no_reverb_fileid_268.wav,1.146550178527832,1.2197980880737305,0.07324790954589844
dns2020_no_reverb_fileid_271.wav,2.1318092346191406,2.356414318084717,0.22460508346557617
dns2020_no_reverb_fileid_274.wav,1.4992423057556152,1.5616004467010498,0.06235814094543457
dns2020_no_reverb_fileid_275.wav,1.5444533824920654,1.7268130779266355,0.1823596954345701
dns2020_no_reverb_fileid_277.wav,1.1804906129837036,1.326029896736145,0.1455392837524414
dns2020_no_reverb_fileid_280.wav,1.4463908672332764,1.8793983459472656,0.43300747871398926
dns2020_no_reverb_fileid_282.wav,2.0486044883728027,2.4297049045562744,0.3811004161834717
dns2020_no_reverb_fileid_283.wav,1.6995253562927246,1.756648302078247,0.05712294578552246
dns2020_no_reverb_fileid_285.wav,2.1508169174194336,2.2724077701568604,0.12159085273742676
dns2020_no_reverb_fileid_287.wav,2.4144158363342285,2.771437883377075,0.3570220470428467
dns2020_no_reverb_fileid_288.wav,1.4676897525787354,1.6944931745529177,0.22680342197418235
dns2020_no_reverb_fileid_289.wav,1.4235652685165403,1.559421420097351,0.13585615158081077
dns2020_no_reverb_fileid_290.wav,1.1994329690933228,1.3464834690093994,0.14705049991607666
dns2020_no_reverb_fileid_291.wav,1.6450378894805908,1.7263531684875488,0.08131527900695801
dns2020_no_reverb_fileid_293.wav,1.8634557723999023,1.9715008735656736,0.10804510116577126
dns2020_no_reverb_fileid_296.wav,1.6465871334075928,1.7464630603790283,0.09987592697143555
dns2020_no_reverb_fileid_3.wav,1.5671346187591553,1.8962310552597048,0.32909643650054954
dns2020_no_reverb_fileid_300.wav,1.1538008451461792,1.2887794971466064,0.13497865200042725
dns2020_no_reverb_fileid_33.wav,2.4468111991882324,2.431820869445801,-0.01499032974243164
dns2020_no_reverb_fileid_34.wav,1.40220844745636,1.651404857635498,0.24919641017913796
dns2020_no_reverb_fileid_35.wav,1.7662409543991089,2.130409002304077,0.36416804790496826
dns2020_no_reverb_fileid_37.wav,2.372078657150269,2.644969940185547,0.2728912830352779
dns2020_no_reverb_fileid_38.wav,1.816748142242432,2.236947774887085,0.4201996326446529
dns2020_no_reverb_fileid_4.wav,1.3397458791732788,1.4778631925582886,0.13811731338500977
dns2020_no_reverb_fileid_42.wav,2.23755955696106,2.489417791366577,0.25185823440551713
dns2020_no_reverb_fileid_43.wav,1.5047008991241455,1.7732847929000854,0.26858389377593994
dns2020_no_reverb_fileid_44.wav,1.3125947713851929,1.316910982131958,0.004316210746765137
dns2020_no_reverb_fileid_45.wav,2.305026292800904,2.6046464443206787,0.2996201515197745
dns2020_no_reverb_fileid_47.wav,1.840798258781433,2.025331974029541,0.1845337152481079
dns2020_no_reverb_fileid_48.wav,1.9205957651138303,2.164345026016236,0.24374926090240545
dns2020_no_reverb_fileid_49.wav,1.2892074584960938,1.3506088256835938,0.0614013671875
dns2020_no_reverb_fileid_5.wav,1.289698600769043,1.5329866409301758,0.2432880401611328
dns2020_no_reverb_fileid_50.wav,1.452977418899536,1.5505132675170898,0.09753584861755393
dns2020_no_reverb_fileid_52.wav,1.8150558471679688,1.915017008781433,0.09996116161346436
dns2020_no_reverb_fileid_53.wav,1.149126052856445,1.2307517528533936,0.08162569999694846
dns2020_no_reverb_fileid_54.wav,2.2236130237579346,2.579880952835083,0.35626792907714844
dns2020_no_reverb_fileid_57.wav,1.1840416193008425,1.3024189472198486,0.11837732791900613
dns2020_no_reverb_fileid_58.wav,1.295743107795715,1.390428066253662,0.094684958457947
dns2020_no_reverb_fileid_59.wav,1.1213754415512085,1.1649726629257202,0.04359722137451172
dns2020_no_reverb_fileid_6.wav,1.187787652015686,1.2299038171768188,0.04211616516113281
dns2020_no_reverb_fileid_60.wav,2.34604811668396,2.7447938919067383,0.3987457752227783
dns2020_no_reverb_fileid_63.wav,1.4765150547027588,1.5163304805755615,0.039815425872802734
dns2020_no_reverb_fileid_64.wav,2.269137144088745,3.356703758239746,1.087566614151001
dns2020_no_reverb_fileid_66.wav,1.1183583736419678,1.6920369863510132,0.5736786127090454
dns2020_no_reverb_fileid_67.wav,1.2057099342346191,1.3164594173431396,0.11074948310852051
dns2020_no_reverb_fileid_69.wav,1.791366696357727,2.139634609222412,0.34826791286468506
dns2020_no_reverb_fileid_7.wav,2.6435329914093018,3.0400946140289307,0.3965616226196289
dns2020_no_reverb_fileid_71.wav,1.2986913919448853,1.4039124250411987,0.10522103309631348
dns2020_no_reverb_fileid_72.wav,1.7452726364135742,2.072390079498291,0.3271174430847168
dns2020_no_reverb_fileid_73.wav,2.1557939052581787,2.329486608505249,0.1736927032470703
dns2020_no_reverb_fileid_76.wav,1.4291961193084717,1.4512393474578855,0.02204322814941384
dns2020_no_reverb_fileid_77.wav,1.4840425252914429,1.5350008010864258,0.05095827579498291
dns2020_no_reverb_fileid_8.wav,1.466071605682373,1.670212984085083,0.20414137840270996
dns2020_no_reverb_fileid_80.wav,2.558335065841675,2.794063806533813,0.23572874069213823
dns2020_no_reverb_fileid_81.wav,1.855834722518921,2.0915889739990234,0.23575425148010254
dns2020_no_reverb_fileid_82.wav,1.8040159940719604,1.9808681011199951,0.17685210704803467
dns2020_no_reverb_fileid_88.wav,1.6524949073791504,2.0240402221679688,0.37154531478881836
dns2020_no_reverb_fileid_89.wav,1.9629701375961304,2.133395910263061,0.1704257726669307
dns2020_no_reverb_fileid_9.wav,2.5553128719329834,2.822436809539795,0.2671239376068115
dns2020_no_reverb_fileid_90.wav,1.6242821216583252,1.7339646816253662,0.10968255996704102
dns2020_no_reverb_fileid_94.wav,1.6335984468460083,1.7614405155181885,0.12784206867218018
dns2020_no_reverb_fileid_96.wav,1.8708055019378664,2.071311712265014,0.20050621032714777
