test_order,filename,audio_seconds,source_counted_flops,dynamic_counted_flops,absolute_counted_flops_overhead,source_gflops_per_audio_second,dynamic_gflops_per_audio_second
10,dns2020_no_reverb_fileid_117.wav,10.0,1045895980690,1068859296658,22963315968,104.589598069,106.8859296658
11,dns2020_no_reverb_fileid_118.wav,10.0,1045895980690,1068859296658,22963315968,104.589598069,106.8859296658
12,dns2020_no_reverb_fileid_125.wav,10.0,1045895980690,1068859296658,22963315968,104.589598069,106.8859296658
13,dns2020_no_reverb_fileid_127.wav,10.0,1045895980690,1068859296658,22963315968,104.589598069,106.8859296658
14,dns2020_no_reverb_fileid_130.wav,10.0,1045895980690,1068859296658,22963315968,104.589598069,106.8859296658
15,dns2020_no_reverb_fileid_132.wav,10.0,1045895980690,1068859296658,22963315968,104.589598069,106.8859296658
16,dns2020_no_reverb_fileid_133.wav,10.0,1045895980690,1068859296658,22963315968,104.589598069,106.8859296658
17,dns2020_no_reverb_fileid_134.wav,10.0,1045895980690,1068859296658,22963315968,104.589598069,106.8859296658
18,dns2020_no_reverb_fileid_136.wav,10.0,1045895980690,1068859296658,22963315968,104.589598069,106.8859296658
19,dns2020_no_reverb_fileid_137.wav,10.0,1045895980690,1068859296658,22963315968,104.589598069,106.8859296658
20,dns2020_no_reverb_fileid_139.wav,10.0,1045895980690,1068859296658,22963315968,104.589598069,106.8859296658
21,dns2020_no_reverb_fileid_14.wav,10.0,1045895980690,1068859296658,22963315968,104.589598069,106.8859296658
22,dns2020_no_reverb_fileid_142.wav,10.0,1045895980690,1068859296658,22963315968,104.589598069,106.8859296658
23,dns2020_no_reverb_fileid_143.wav,10.0,1045895980690,1068859296658,22963315968,104.589598069,106.8859296658
24,dns2020_no_reverb_fileid_145.wav,10.0,1045895980690,1068859296658,22963315968,104.589598069,106.8859296658
25,dns2020_no_reverb_fileid_146.wav,10.0,1045895980690,1068859296658,22963315968,104.589598069,106.8859296658
26,dns2020_no_reverb_fileid_147.wav,10.0,1045895980690,1068859296658,22963315968,104.589598069,106.8859296658
27,dns2020_no_reverb_fileid_149.wav,10.0,1045895980690,1068859296658,22963315968,104.589598069,106.8859296658
28,dns2020_no_reverb_fileid_150.wav,10.0,1045895980690,1068859296658,22963315968,104.589598069,106.8859296658
29,dns2020_no_reverb_fileid_152.wav,10.0,1045895980690,1068859296658,22963315968,104.589598069,106.8859296658
30,dns2020_no_reverb_fileid_155.wav,10.0,1045895980690,1068859296658,22963315968,104.589598069,106.8859296658
31,dns2020_no_reverb_fileid_156.wav,10.0,1045895980690,1068859296658,22963315968,104.589598069,106.8859296658
32,dns2020_no_reverb_fileid_158.wav,10.0,1045895980690,1068859296658,22963315968,104.589598069,106.8859296658
33,dns2020_no_reverb_fileid_16.wav,10.0,1045895980690,1068859296658,22963315968,104.589598069,106.8859296658
34,dns2020_no_reverb_fileid_161.wav,10.0,1045895980690,1068859296658,22963315968,104.589598069,106.8859296658
35,dns2020_no_reverb_fileid_163.wav,10.0,1045895980690,1068859296658,22963315968,104.589598069,106.8859296658
36,dns2020_no_reverb_fileid_165.wav,10.0,1045895980690,1068859296658,22963315968,104.589598069,106.8859296658
37,dns2020_no_reverb_fileid_166.wav,10.0,1045895980690,1068859296658,22963315968,104.589598069,106.8859296658
38,dns2020_no_reverb_fileid_167.wav,10.0,1045895980690,1068859296658,22963315968,104.589598069,106.8859296658
39,dns2020_no_reverb_fileid_169.wav,10.0,1045895980690,1068859296658,22963315968,104.589598069,106.8859296658
40,dns2020_no_reverb_fileid_17.wav,10.0,1045895980690,1068859296658,22963315968,104.589598069,106.8859296658
41,dns2020_no_reverb_fileid_170.wav,10.0,1045895980690,1068859296658,22963315968,104.589598069,106.8859296658
42,dns2020_no_reverb_fileid_173.wav,10.0,1045895980690,1068859296658,22963315968,104.589598069,106.8859296658
43,dns2020_no_reverb_fileid_175.wav,10.0,1045895980690,1068859296658,22963315968,104.589598069,106.8859296658
44,dns2020_no_reverb_fileid_176.wav,10.0,1045895980690,1068859296658,22963315968,104.589598069,106.8859296658
45,dns2020_no_reverb_fileid_178.wav,10.0,1045895980690,1068859296658,22963315968,104.589598069,106.8859296658
46,dns2020_no_reverb_fileid_180.wav,10.0,1045895980690,1068859296658,22963315968,104.589598069,106.8859296658
47,dns2020_no_reverb_fileid_181.wav,10.0,1045895980690,1068859296658,22963315968,104.589598069,106.8859296658
48,dns2020_no_reverb_fileid_19.wav,10.0,1045895980690,1068859296658,22963315968,104.589598069,106.8859296658
49,dns2020_no_reverb_fileid_191.wav,10.0,1045895980690,1068859296658,22963315968,104.589598069,106.8859296658
50,dns2020_no_reverb_fileid_192.wav,10.0,1045895980690,1068859296658,22963315968,104.589598069,106.8859296658
51,dns2020_no_reverb_fileid_197.wav,10.0,1045895980690,1068859296658,22963315968,104.589598069,106.8859296658
52,dns2020_no_reverb_fileid_199.wav,10.0,1045895980690,1068859296658,22963315968,104.589598069,106.8859296658
53,dns2020_no_reverb_fileid_2.wav,10.0,1045895980690,1068859296658,22963315968,104.589598069,106.8859296658
54,dns2020_no_reverb_fileid_20.wav,10.0,1045895980690,1068859296658,22963315968,104.589598069,106.8859296658
55,dns2020_no_reverb_fileid_200.wav,10.0,1045895980690,1068859296658,22963315968,104.589598069,106.8859296658
56,dns2020_no_reverb_fileid_201.wav,10.0,1045895980690,1068859296658,22963315968,104.589598069,106.8859296658
57,dns2020_no_reverb_fileid_205.wav,10.0,1045895980690,1068859296658,22963315968,104.589598069,106.8859296658
58,dns2020_no_reverb_fileid_206.wav,10.0,1045895980690,1068859296658,22963315968,104.589598069,106.8859296658
59,dns2020_no_reverb_fileid_207.wav,10.0,1045895980690,1068859296658,22963315968,104.589598069,106.8859296658
60,dns2020_no_reverb_fileid_208.wav,10.0,1045895980690,1068859296658,22963315968,104.589598069,106.8859296658
61,dns2020_no_reverb_fileid_21.wav,10.0,1045895980690,1068859296658,22963315968,104.589598069,106.8859296658
62,dns2020_no_reverb_fileid_210.wav,10.0,1045895980690,1068859296658,22963315968,104.589598069,106.8859296658
63,dns2020_no_reverb_fileid_213.wav,10.0,1045895980690,1068859296658,22963315968,104.589598069,106.8859296658
64,dns2020_no_reverb_fileid_214.wav,10.0,1045895980690,1068859296658,22963315968,104.589598069,106.8859296658
65,dns2020_no_reverb_fileid_218.wav,10.0,1045895980690,1068859296658,22963315968,104.589598069,106.8859296658
66,dns2020_no_reverb_fileid_220.wav,10.0,1045895980690,1068859296658,22963315968,104.589598069,106.8859296658
67,dns2020_no_reverb_fileid_221.wav,10.0,1045895980690,1068859296658,22963315968,104.589598069,106.8859296658
68,dns2020_no_reverb_fileid_223.wav,10.0,1045895980690,1068859296658,22963315968,104.589598069,106.8859296658
69,dns2020_no_reverb_fileid_228.wav,10.0,1045895980690,1068859296658,22963315968,104.589598069,106.8859296658
70,dns2020_no_reverb_fileid_229.wav,10.0,1045895980690,1068859296658,22963315968,104.589598069,106.8859296658
71,dns2020_no_reverb_fileid_23.wav,10.0,1045895980690,1068859296658,22963315968,104.589598069,106.8859296658
72,dns2020_no_reverb_fileid_231.wav,10.0,1045895980690,1068859296658,22963315968,104.589598069,106.8859296658
73,dns2020_no_reverb_fileid_232.wav,10.0,1045895980690,1068859296658,22963315968,104.589598069,106.8859296658
74,dns2020_no_reverb_fileid_234.wav,10.0,1045895980690,1068859296658,22963315968,104.589598069,106.8859296658
75,dns2020_no_reverb_fileid_238.wav,10.0,1045895980690,1068859296658,22963315968,104.589598069,106.8859296658
76,dns2020_no_reverb_fileid_241.wav,10.0,1045895980690,1068859296658,22963315968,104.589598069,106.8859296658
77,dns2020_no_reverb_fileid_243.wav,10.0,1045895980690,1068859296658,22963315968,104.589598069,106.8859296658
78,dns2020_no_reverb_fileid_245.wav,10.0,1045895980690,1068859296658,22963315968,104.589598069,106.8859296658
79,dns2020_no_reverb_fileid_247.wav,10.0,1045895980690,1068859296658,22963315968,104.589598069,106.8859296658
80,dns2020_no_reverb_fileid_249.wav,10.0,1045895980690,1068859296658,22963315968,104.589598069,106.8859296658
81,dns2020_no_reverb_fileid_250.wav,10.0,1045895980690,1068859296658,22963315968,104.589598069,106.8859296658
82,dns2020_no_reverb_fileid_252.wav,10.0,1045895980690,1068859296658,22963315968,104.589598069,106.8859296658
83,dns2020_no_reverb_fileid_253.wav,10.0,1045895980690,1068859296658,22963315968,104.589598069,106.8859296658
84,dns2020_no_reverb_fileid_255.wav,10.0,1045895980690,1068859296658,22963315968,104.589598069,106.8859296658
85,dns2020_no_reverb_fileid_26.wav,10.0,1045895980690,1068859296658,22963315968,104.589598069,106.8859296658
86,dns2020_no_reverb_fileid_261.wav,10.0,1045895980690,1068859296658,22963315968,104.589598069,106.8859296658
87,dns2020_no_reverb_fileid_264.wav,10.0,1045895980690,1068859296658,22963315968,104.589598069,106.8859296658
88,dns2020_no_reverb_fileid_268.wav,10.0,1045895980690,1068859296658,22963315968,104.589598069,106.8859296658
89,dns2020_no_reverb_fileid_271.wav,10.0,1045895980690,1068859296658,22963315968,104.589598069,106.8859296658
90,dns2020_no_reverb_fileid_274.wav,10.0,1045895980690,1068859296658,22963315968,104.589598069,106.8859296658
91,dns2020_no_reverb_fileid_275.wav,10.0,1045895980690,1068859296658,22963315968,104.589598069,106.8859296658
92,dns2020_no_reverb_fileid_277.wav,10.0,1045895980690,1068859296658,22963315968,104.589598069,106.8859296658
93,dns2020_no_reverb_fileid_280.wav,10.0,1045895980690,1068859296658,22963315968,104.589598069,106.8859296658
94,dns2020_no_reverb_fileid_282.wav,10.0,1045895980690,1068859296658,22963315968,104.589598069,106.8859296658
95,dns2020_no_reverb_fileid_283.wav,10.0,1045895980690,1068859296658,22963315968,104.589598069,106.8859296658
96,dns2020_no_reverb_fileid_285.wav,10.0,1045895980690,1068859296658,22963315968,104.589598069,106.8859296658
97,dns2020_no_reverb_fileid_287.wav,10.0,1045895980690,1068859296658,22963315968,104.589598069,106.8859296658
98,dns2020_no_reverb_fileid_288.wav,10.0,1045895980690,1068859296658,22963315968,104.589598069,106.8859296658
99,dns2020_no_reverb_fileid_289.wav,10.0,1045895980690,1068859296658,22963315968,104.589598069,106.8859296658
100,dns2020_no_reverb_fileid_290.wav,10.0,1045895980690,1068859296658,22963315968,104.589598069,106.8859296658
101,dns2020_no_reverb_fileid_291.wav,10.0,1045895980690,1068859296658,22963315968,104.589598069,106.8859296658
102,dns2020_no_reverb_fileid_293.wav,10.0,1045895980690,1068859296658,22963315968,104.589598069,106.8859296658
103,dns2020_no_reverb_fileid_296.wav,10.0,1045895980690,1068859296658,22963315968,104.589598069,106.8859296658
104,dns2020_no_reverb_fileid_3.wav,10.0,1045895980690,1068859296658,22963315968,104.589598069,106.8859296658
105,dns2020_no_reverb_fileid_300.wav,10.0,1045895980690,1068859296658,22963315968,104.589598069,106.8859296658
106,dns2020_no_reverb_fileid_33.wav,10.0,1045895980690,1068859296658,22963315968,104.589598069,106.8859296658
107,dns2020_no_reverb_fileid_34.wav,10.0,1045895980690,1068859296658,22963315968,104.589598069,106.8859296658
108,dns2020_no_reverb_fileid_35.wav,10.0,1045895980690,1068859296658,22963315968,104.589598069,106.8859296658
109,dns2020_no_reverb_fileid_37.wav,10.0,1045895980690,1068859296658,22963315968,104.589598069,106.8859296658
110,dns2020_no_reverb_fileid_38.wav,10.0,1045895980690,1068859296658,22963315968,104.589598069,106.8859296658
111,dns2020_no_reverb_fileid_4.wav,10.0,1045895980690,1068859296658,22963315968,104.589598069,106.8859296658
112,dns2020_no_reverb_fileid_42.wav,10.0,1045895980690,1068859296658,22963315968,104.589598069,106.8859296658
113,dns2020_no_reverb_fileid_43.wav,10.0,1045895980690,1068859296658,22963315968,104.589598069,106.8859296658
114,dns2020_no_reverb_fileid_44.wav,10.0,1045895980690,1068859296658,22963315968,104.589598069,106.8859296658
115,dns2020_no_reverb_fileid_45.wav,10.0,1045895980690,1068859296658,22963315968,104.589598069,106.8859296658
116,dns2020_no_reverb_fileid_47.wav,10.0,1045895980690,1068859296658,22963315968,104.589598069,106.8859296658
117,dns2020_no_reverb_fileid_48.wav,10.0,1045895980690,1068859296658,22963315968,104.589598069,106.8859296658
118,dns2020_no_reverb_fileid_49.wav,10.0,1045895980690,1068859296658,22963315968,104.589598069,106.8859296658
119,dns2020_no_reverb_fileid_5.wav,10.0,1045895980690,1068859296658,22963315968,104.589598069,106.8859296658
120,dns2020_no_reverb_fileid_50.wav,10.0,1045895980690,1068859296658,22963315968,104.589598069,106.8859296658
121,dns2020_no_reverb_fileid_52.wav,10.0,1045895980690,1068859296658,22963315968,104.589598069,106.8859296658
122,dns2020_no_reverb_fileid_53.wav,10.0,1045895980690,1068859296658,22963315968,104.589598069,106.8859296658
123,dns2020_no_reverb_fileid_54.wav,10.0,1045895980690,1068859296658,22963315968,104.589598069,106.8859296658
124,dns2020_no_reverb_fileid_57.wav,10.0,1045895980690,1068859296658,22963315968,104.589598069,106.8859296658
125,dns2020_no_reverb_fileid_58.wav,10.0,1045895980690,1068859296658,22963315968,104.589598069,106.8859296658
126,dns2020_no_reverb_fileid_59.wav,10.0,1045895980690,1068859296658,22963315968,104.589598069,106.8859296658
127,dns2020_no_reverb_fileid_6.wav,10.0,1045895980690,1068859296658,22963315968,104.589598069,106.8859296658
128,dns2020_no_reverb_fileid_60.wav,10.0,1045895980690,1068859296658,22963315968,104.589598069,106.8859296658
129,dns2020_no_reverb_fileid_63.wav,10.0,1045895980690,1068859296658,22963315968,104.589598069,106.8859296658
130,dns2020_no_reverb_fileid_64.wav,10.0,1045895980690,1068859296658,22963315968,104.589598069,106.8859296658
131,dns2020_no_reverb_fileid_66.wav,10.0,1045895980690,1068859296658,22963315968,104.589598069,106.8859296658
132,dns2020_no_reverb_fileid_67.wav,10.0,1045895980690,1068859296658,22963315968,104.589598069,106.8859296658
133,dns2020_no_reverb_fileid_69.wav,10.0,1045895980690,1068859296658,22963315968,104.589598069,106.8859296658
134,dns2020_no_reverb_fileid_7.wav,10.0,1045895980690,1068859296658,22963315968,104.589598069,106.8859296658
135,dns2020_no_reverb_fileid_71.wav,10.0,1045895980690,1068859296658,22963315968,104.589598069,106.8859296658
136,dns2020_no_reverb_fileid_72.wav,10.0,1045895980690,1068859296658,22963315968,104.589598069,106.8859296658
137,dns2020_no_reverb_fileid_73.wav,10.0,1045895980690,1068859296658,22963315968,104.589598069,106.8859296658
138,dns2020_no_reverb_fileid_76.wav,10.0,1045895980690,1068859296658,22963315968,104.589598069,106.8859296658
139,dns2020_no_reverb_fileid_77.wav,10.0,1045895980690,1068859296658,22963315968,104.589598069,106.8859296658
140,dns2020_no_reverb_fileid_8.wav,10.0,1045895980690,1068859296658,22963315968,104.589598069,106.8859296658
141,dns2020_no_reverb_fileid_80.wav,10.0,1045895980690,1068859296658,22963315968,104.589598069,106.8859296658
142,dns2020_no_reverb_fileid_81.wav,10.0,1045895980690,1068859296658,22963315968,104.589598069,106.8859296658
143,dns2020_no_reverb_fileid_82.wav,10.0,1045895980690,1068859296658,22963315968,104.589598069,106.8859296658
144,dns2020_no_reverb_fileid_88.wav,10.0,1045895980690,1068859296658,22963315968,104.589598069,106.8859296658
145,dns2020_no_reverb_fileid_89.wav,10.0,1045895980690,1068859296658,22963315968,104.589598069,106.8859296658
146,dns2020_no_reverb_fileid_9.wav,10.0,1045895980690,1068859296658,22963315968,104.589598069,106.8859296658
147,dns2020_no_reverb_fileid_90.wav,10.0,1045895980690,1068859296658,22963315968,104.589598069,106.8859296658
148,dns2020_no_reverb_fileid_94.wav,10.0,1045895980690,1068859296658,22963315968,104.589598069,106.8859296658
149,dns2020_no_reverb_fileid_96.wav,10.0,1045895980690,1068859296658,22963315968,104.589598069,106.8859296658
