Filename,PESQ,STOI,C_sig,C_bak,C_ovl,SSNR,SISDR
dns2020_no_reverb_fileid_0.wav,3.786940813064575,0.9924551318467612,5.0,4.137193961303547,4.518138002473783,11.9489268027616,17.15822410583496
dns2020_no_reverb_fileid_101.wav,2.91825795173645,0.9773865842282534,4.129528181947626,2.720434832526531,3.462258837217064,0.4390758566565464,9.995736122131348
dns2020_no_reverb_fileid_102.wav,2.291522026062012,0.9640962695135004,3.6807630296334177,2.880668304270956,2.993866037466993,4.592796419533051,11.40816593170166
dns2020_no_reverb_fileid_104.wav,2.665324687957764,0.9536371369399146,3.9025421336280863,3.0415166165666765,3.2998488430260173,4.006892894778203,14.00946807861328
dns2020_no_reverb_fileid_105.wav,3.033637046813965,0.9613625746798852,4.080408756866035,3.466930376055911,3.554724052879372,8.829030272808138,15.729097366333008
dns2020_no_reverb_fileid_107.wav,3.910513162612915,0.9959665155198844,5.0,4.126526629573926,4.581153015472095,11.40820844568684,17.106287002563477
dns2020_no_reverb_fileid_110.wav,3.283700466156006,0.9722079584226152,4.485706800512002,3.9357532272221194,3.903058139713888,13.474706124260344,19.317495346069336
dns2020_no_reverb_fileid_112.wav,4.310449123382568,0.9971193658220796,5.0,4.352322168904975,4.888162779231003,11.241468913695012,23.892099380493164
dns2020_no_reverb_fileid_113.wav,4.016573905944824,0.991974350237524,5.0,4.441322596075774,4.650981264725672,14.979041887602769,22.478200912475582
dns2020_no_reverb_fileid_116.wav,3.3931760787963867,0.980840916297848,4.685495234978046,3.63602545930965,4.0490747806718606,8.268646101365963,16.110177993774414
dns2020_no_reverb_fileid_117.wav,3.900327920913696,0.9871827164434742,5.0,4.2529227685451225,4.523459290282402,13.391919911452264,21.87984085083008
dns2020_no_reverb_fileid_118.wav,2.4758894443511963,0.9484238286037878,3.847361760409135,3.174467812455521,3.165820825742768,8.03538035394537,12.103981971740724
dns2020_no_reverb_fileid_125.wav,1.682002305984497,0.8749584261552458,2.3960819453975333,2.1233003872471894,1.9475774685129472,1.570015381339678,10.433945655822754
dns2020_no_reverb_fileid_127.wav,3.386151075363159,0.9898278156798812,4.591889760134317,3.855555298890502,3.992171072037251,12.10531261274946,20.14476776123047
dns2020_no_reverb_fileid_130.wav,3.9267091751098633,0.9941928343066366,4.866621499334397,4.262096298528467,4.417166640132368,13.781354288846138,24.1899471282959
dns2020_no_reverb_fileid_132.wav,3.2533648014068604,0.9706921501612706,4.416956570121098,3.790760775179845,3.851376192217488,11.498370068872273,18.19571304321289
dns2020_no_reverb_fileid_133.wav,2.6511847972869877,0.9782311398120406,4.182650208462558,3.122131313133557,3.414973613120648,6.147563411536673,13.058115005493164
dns2020_no_reverb_fileid_134.wav,3.3670883178710938,0.965620284097402,4.423847087521146,3.335420765636456,3.872946906469404,5.138722311879131,15.45901107788086
dns2020_no_reverb_fileid_136.wav,3.184715509414673,0.9689943610138186,4.606982591256398,3.879273837913325,3.920422647526736,13.020593994556224,17.482620239257812
dns2020_no_reverb_fileid_137.wav,3.095752000808716,0.9762178723908168,4.362978412557867,3.377750369325088,3.687490973948028,8.669185699316332,16.76772689819336
dns2020_no_reverb_fileid_139.wav,3.669577121734619,0.9848825402341552,4.942368124532317,3.983147240010062,4.332506311425471,10.974391643962807,16.057703018188477
dns2020_no_reverb_fileid_14.wav,3.207206964492798,0.979938144458646,4.1060893915045,3.7579973309529455,3.680958953844244,10.995037727622629,17.704402923583984
dns2020_no_reverb_fileid_142.wav,2.437904119491577,0.9509062791145728,3.91189946878569,3.1162715330338298,3.1770725489936527,7.473814456770764,11.893235206604004
dns2020_no_reverb_fileid_143.wav,2.250749349594116,0.9563298805616626,3.873972991598375,3.633640476497104,3.092108952659195,15.85411984718527,14.148405075073242
dns2020_no_reverb_fileid_145.wav,3.5523135662078857,0.9862864135542894,4.634075693569828,3.10103414273856,4.053717090650691,0.7780537071289122,6.229046821594238
dns2020_no_reverb_fileid_146.wav,3.465256929397583,0.9925058119216112,4.887342666812981,4.090869962786029,4.1997420345940375,14.331915852243336,19.005041122436523
dns2020_no_reverb_fileid_147.wav,2.923402786254883,0.967733717731298,3.9962317832417176,3.335142473573138,3.4640394088018613,7.271127668619018,14.42227840423584
dns2020_no_reverb_fileid_149.wav,3.5853278636932373,0.98499574700953,4.761377475488531,3.97092378906626,4.187782578668458,11.953818617644789,20.44283866882324
dns2020_no_reverb_fileid_150.wav,2.4376416206359863,0.9630675787187936,3.721467820651189,2.7210503099376178,3.0691061096212384,1.7787781585248077,11.505645751953123
dns2020_no_reverb_fileid_152.wav,3.661915063858032,0.9954506655840089,4.9946645637458,4.088848675560292,4.359789281946211,12.484264722993949,20.04716682434082
dns2020_no_reverb_fileid_155.wav,2.7504184246063232,0.9571402767455536,3.7361790691706247,3.180559659823212,3.245091275051605,6.226958431813183,13.774425506591797
dns2020_no_reverb_fileid_156.wav,3.287799835205078,0.9798392963540432,4.010237988181201,4.020694627458411,3.6753666696367127,14.49149637528552,21.06873321533203
dns2020_no_reverb_fileid_158.wav,3.196985483169556,0.9928180521845325,4.338950374599026,3.811676980857775,3.792167300297388,11.90239526646575,16.33977508544922
dns2020_no_reverb_fileid_16.wav,3.3159704208374023,0.9925699059295108,4.631669342391062,3.764264110273804,3.981198563940082,10.982834414931446,16.80137062072754
dns2020_no_reverb_fileid_161.wav,2.993025541305542,0.9762585964289804,4.224872284629683,3.5486817479837875,3.618376774179725,9.893786876282066,16.165773391723633
dns2020_no_reverb_fileid_163.wav,2.395059585571289,0.9725173188755324,3.357212271570915,2.2767557255122086,2.754187053604596,-0.0081579670566653,2.5576112270355225
dns2020_no_reverb_fileid_165.wav,3.5131819248199463,0.986909042736956,4.397633191434307,3.132006132227533,3.8903008263994474,2.7125244195263223,7.240497589111328
dns2020_no_reverb_fileid_166.wav,3.1059439182281494,0.9755325880877292,4.400564558541543,3.698390247480324,3.76002564889367,11.53630191932055,17.793685913085938
dns2020_no_reverb_fileid_167.wav,3.347940683364868,0.9777570281427858,4.733486100443737,3.90133376983877,4.067806149649316,12.043485894993864,17.182403564453125
dns2020_no_reverb_fileid_169.wav,2.9969277381896973,0.9626689556179228,4.212500836037326,3.458102026651772,3.607369662713528,8.726973820575418,14.02868366241455
dns2020_no_reverb_fileid_17.wav,2.372178554534912,0.9542428562691984,3.7459070784598074,2.957443396106322,3.0483802233434707,6.020228879258066,11.805535316467283
dns2020_no_reverb_fileid_170.wav,3.1469035148620605,0.9734967800636926,4.203305582000214,3.21430027189153,3.684875619368368,3.439474296997345,13.749162673950195
dns2020_no_reverb_fileid_173.wav,3.648584127426148,0.9915018498418854,4.8070635462388,4.238384837404187,4.255185919627922,15.158455119904277,22.003366470336918
dns2020_no_reverb_fileid_175.wav,2.588197946548462,0.941363984990367,3.275599095906592,3.217498560365043,2.9382755653972428,7.855931976014286,17.153480529785156
dns2020_no_reverb_fileid_176.wav,3.317145586013794,0.9673862734150565,4.341682552527012,3.871187774664829,3.845710446627385,12.309511855698744,18.83946990966797
dns2020_no_reverb_fileid_178.wav,3.6289350986480713,0.991060724327625,4.792160671859162,4.030466731542407,4.227577755048763,12.459775665531843,19.96401596069336
dns2020_no_reverb_fileid_180.wav,3.6544792652130127,0.986816769514984,4.832374010636876,4.084077401699558,4.265021692277882,12.91707283432085,20.75629234313965
dns2020_no_reverb_fileid_181.wav,3.821742057800293,0.9942892330822758,4.91367456809718,3.662061007945188,4.339389400090114,7.176377253532582,9.913654327392578
dns2020_no_reverb_fileid_19.wav,3.064575672149658,0.9715715916410662,4.500505465831014,3.537399573367342,3.807656824834863,8.466763107685825,14.439797401428224
dns2020_no_reverb_fileid_191.wav,2.183475971221924,0.98364185186518,3.489672430857559,3.3718412966361675,2.854794635530562,12.743305681187223,18.619770050048828
dns2020_no_reverb_fileid_192.wav,1.873318672180176,0.890130502560307,3.1908153323389885,2.558625590428943,2.508128532676765,4.010002243425212,10.907349586486816
dns2020_no_reverb_fileid_197.wav,3.841718196868897,0.9970009943182976,5.0,4.1938066633092905,4.509815432950727,12.965260214865934,21.293384552001957
dns2020_no_reverb_fileid_199.wav,2.475893974304199,0.9756362263245674,3.3082442861715267,3.224260594326677,2.902701199209332,8.599816044313593,14.17104148864746
dns2020_no_reverb_fileid_2.wav,3.196017980575561,0.9767613703638862,4.5342083661940045,3.746515479290647,3.885484099589567,11.022991520025531,17.89143943786621
dns2020_no_reverb_fileid_20.wav,2.770597219467163,0.9736831833906224,4.259975746663472,3.491298611213185,3.5272785775847777,10.505181729629491,15.292764663696287
dns2020_no_reverb_fileid_200.wav,3.039033889770508,0.9760914873707298,4.126377396599415,3.59964002308803,3.596101493918088,10.19935091556941,15.20564079284668
dns2020_no_reverb_fileid_201.wav,3.3071165084838867,0.981202522542314,4.491509424117014,3.7359286920002144,3.906448876199712,10.624005879551872,18.80363655090332
dns2020_no_reverb_fileid_205.wav,3.577354669570923,0.986922653829294,4.743591217628433,4.193600576999269,4.185332889151387,15.08948767508363,18.98706817626953
dns2020_no_reverb_fileid_206.wav,3.420410394668579,0.9739408742360464,3.953256679565424,4.05390686417542,3.7182582523347367,13.823940888908153,17.888351440429688
dns2020_no_reverb_fileid_207.wav,1.7408168315887451,0.93257309299403,3.473199010633148,3.1354276477738896,2.621339167112544,12.425580479033377,9.01959228515625
dns2020_no_reverb_fileid_208.wav,3.137491464614868,0.98720624403407,4.202813262625055,3.77715300618027,3.684384979732951,12.24647891064068,18.458234786987305
dns2020_no_reverb_fileid_21.wav,3.2110633850097656,0.9811503595640022,4.590253567761438,3.71049923877311,3.918295690362272,10.454887979598013,17.11090087890625
dns2020_no_reverb_fileid_210.wav,3.3855888843536377,0.988855299108941,4.6431295928350185,3.77531704918949,4.027348617896072,10.396861992792608,17.05532455444336
dns2020_no_reverb_fileid_213.wav,3.4942426681518555,0.9819088227079926,4.8377032705477365,4.247024368455119,4.201002868707789,16.091746131875688,21.12865829467773
dns2020_no_reverb_fileid_214.wav,3.1463310718536377,0.9851131518209164,3.9466760704122654,3.2688978788484384,3.534946723380472,5.277480209348429,10.496103286743164
dns2020_no_reverb_fileid_218.wav,4.096157073974609,0.9951507595186766,5.0,4.525900819187669,4.702615615042689,15.51675206297386,20.1750602722168
dns2020_no_reverb_fileid_220.wav,3.5728025436401367,0.9957043350682476,4.839519243516391,4.202765188167297,4.238390482508335,14.933532016275764,19.129457473754883
dns2020_no_reverb_fileid_221.wav,3.1097867488861084,0.9461047053972712,4.514654678014313,3.6887677247885056,3.83043176732,10.839014528864606,15.0813570022583
dns2020_no_reverb_fileid_223.wav,1.6774013042449951,0.8981828804325372,2.4113917699930365,1.6371455266061352,1.884305912784116,-3.090867029406333,4.443978309631348
dns2020_no_reverb_fileid_228.wav,3.183086395263672,0.9904212398882276,4.591444178623765,3.744072068841872,3.899461784918476,11.433525362029329,17.388904571533203
dns2020_no_reverb_fileid_229.wav,2.6848058700561523,0.9660833449623012,3.807729338960713,2.913410419537091,3.229705771692189,3.27098094685634,13.638949394226074
dns2020_no_reverb_fileid_23.wav,3.20554518699646,0.9766809071982812,4.569706955720698,3.2611254649221126,3.875692803504713,4.667679880230257,9.169447898864746
dns2020_no_reverb_fileid_231.wav,3.182180643081665,0.9766951233679564,4.12111795256877,3.217724881703748,3.624437630009368,4.872115374391781,13.0634126663208
dns2020_no_reverb_fileid_232.wav,3.835839033126831,0.9916594983892432,5.0,4.093735464539141,4.485536991169753,11.890161151244712,19.86566162109375
dns2020_no_reverb_fileid_234.wav,1.260162353515625,0.8421822751568893,2.422688800531067,2.1734271975217143,1.7740507541065056,4.409802577325251,7.630348205566406
dns2020_no_reverb_fileid_238.wav,1.662468194961548,0.9112932416109388,3.760486778007488,3.00921725839024,2.735256352798072,10.55255081013652,3.1660845279693604
dns2020_no_reverb_fileid_241.wav,3.575701713562012,0.983614980721562,4.853490561508184,4.134544841967078,4.242662478178341,14.011240091063764,20.415746688842773
dns2020_no_reverb_fileid_243.wav,2.269002914428711,0.9162794326238852,3.185918226618597,3.1219377036608567,2.7330192719023034,8.736751947554131,15.172233581542969
dns2020_no_reverb_fileid_245.wav,2.4870309829711914,0.9760815315131988,3.810084928066928,2.784401438222935,3.1241794974755277,3.024674231223737,3.83971643447876
dns2020_no_reverb_fileid_247.wav,3.2902865409851074,0.9910250301241272,4.454826293348924,3.482123611574831,3.8748921496819486,6.934784352447837,15.623775482177734
dns2020_no_reverb_fileid_249.wav,3.8537538051605225,0.9914200091158478,5.0,4.425363041360313,4.5599844339214135,15.875617625687845,20.22616195678711
dns2020_no_reverb_fileid_250.wav,2.6217195987701416,0.9617132510107144,3.947362916250355,3.3161234640081445,3.2847776512750664,9.373044280998974,17.104991912841797
dns2020_no_reverb_fileid_252.wav,1.892783761024475,0.8952820243374345,3.237838655887788,2.474526348753643,2.5474809593262737,2.2575080506051592,9.246556282043455
dns2020_no_reverb_fileid_253.wav,2.0391595363616943,0.9024893953106092,3.601807655056883,2.744311584983276,2.8180475989280658,4.744019303812258,5.710491180419922
dns2020_no_reverb_fileid_255.wav,2.195396900177002,0.93925115332767,3.62530337726232,2.7715387316513573,2.887801922481872,4.908564770385403,11.337875366210938
dns2020_no_reverb_fileid_26.wav,3.830343008041382,0.9885788484513288,5.0,4.365679722319404,4.53247268572101,15.334053979154657,17.87004852294922
dns2020_no_reverb_fileid_261.wav,3.1710691452026367,0.9759162530506398,3.7928671197417634,2.9712837183313674,3.392789563854687,3.807568716796298,11.03466796875
dns2020_no_reverb_fileid_264.wav,2.628224849700928,0.9647446922965326,3.862164066104047,3.4063426932095577,3.247971507843518,10.654342272863348,15.708638191223145
dns2020_no_reverb_fileid_268.wav,1.4714878797531128,0.7995880623830144,2.800794565431205,2.1603348411140253,2.106721199200197,0.9320976016588765,3.865888118743897
dns2020_no_reverb_fileid_271.wav,3.384068250656128,0.9908294926071582,4.756657937904601,3.982523974801509,4.083442953595299,13.680926740085996,19.610984802246094
dns2020_no_reverb_fileid_274.wav,2.7646961212158203,0.9706375571750704,4.209674271747945,3.5162750503524425,3.497541066200215,11.022590684121344,15.70211410522461
dns2020_no_reverb_fileid_275.wav,2.4024345874786377,0.955361314013028,3.683800036520045,3.077586128691909,3.0364818355787446,7.533530424635797,13.670646667480469
dns2020_no_reverb_fileid_277.wav,2.1061251163482666,0.9182715439531796,3.255892796098919,2.896777556812314,2.669456802737,7.109352506508668,14.51650047302246
dns2020_no_reverb_fileid_280.wav,2.9434094429016118,0.9702862601805822,4.205907362202832,3.5333537204251284,3.585105201908476,9.973220018585582,13.803543090820312
dns2020_no_reverb_fileid_282.wav,3.1821868419647217,0.9800777923098274,4.51745501624459,3.891234321715212,3.864051404686797,13.694367396618985,17.959135055541992
dns2020_no_reverb_fileid_283.wav,2.6652612686157227,0.9758961859003896,3.9820588854513312,3.451403106016025,3.3229399101662604,11.237932532690987,16.393680572509766
dns2020_no_reverb_fileid_285.wav,2.9100918769836426,0.9883588731204888,3.4993147466576997,3.48002873395372,3.222421793608841,9.127546153411588,16.497222900390625
dns2020_no_reverb_fileid_287.wav,3.546889066696167,0.9870610596023518,4.929870344968433,4.14013467666884,4.270942079073284,14.106007933055311,19.880041122436523
dns2020_no_reverb_fileid_288.wav,2.9996187686920166,0.9732354398600994,4.475379072914523,3.2412218066018625,3.734620008420708,5.48029794414713,10.117904663085938
dns2020_no_reverb_fileid_289.wav,2.5611677169799805,0.9687827314397842,4.129621815913812,3.217306058927625,3.360434327676062,7.578969782232219,10.283605575561523
dns2020_no_reverb_fileid_290.wav,2.027200222015381,0.9217321677732496,3.3558855446399414,2.306797241127984,2.627625159616247,0.6226231259080145,5.550397872924805
dns2020_no_reverb_fileid_291.wav,2.633246421813965,0.9608906762334476,3.952267139346406,3.142546730017415,3.251535087108757,8.359002631632285,13.513959884643556
dns2020_no_reverb_fileid_293.wav,3.239443063735962,0.985114857997914,4.619623918405524,3.3387793302116213,3.9230800224594535,5.403724557811706,13.987154960632324
dns2020_no_reverb_fileid_296.wav,2.770536184310913,0.9651903921064074,3.81417908722521,3.450706691806312,3.306935031164861,9.795128906910149,15.415200233459473
dns2020_no_reverb_fileid_3.wav,3.398435115814209,0.9818623190003036,4.680671455877368,3.77835478900134,4.063771341114925,9.851678184034013,15.680970191955566
dns2020_no_reverb_fileid_300.wav,2.2359907627105717,0.9561053847720772,3.34835234349776,2.6884479314092125,2.8002299756316544,1.971690578360045,8.904674530029297
dns2020_no_reverb_fileid_33.wav,2.983281135559082,0.992454681057102,4.208548436698025,3.705754906088408,3.602604542338659,12.58119949578235,20.32406234741211
dns2020_no_reverb_fileid_34.wav,2.7415671348571777,0.9736641162996256,3.9959957690468864,3.385033670329774,3.3773875705448013,9.20978653711002,15.408495903015137
dns2020_no_reverb_fileid_35.wav,3.3379135131835938,0.9939333308742944,4.631646348400867,3.8944069785716353,3.997198530447487,12.66485380960633,19.705799102783203
dns2020_no_reverb_fileid_37.wav,3.381840944290161,0.9944330591404104,4.796721164579024,3.9972303555688415,4.11126693839182,13.534093538616968,19.676803588867188
dns2020_no_reverb_fileid_38.wav,3.49434494972229,0.9925472870688375,4.712260590669583,3.940811436871883,4.133815519946689,11.442919052164129,18.086257934570312
dns2020_no_reverb_fileid_4.wav,1.9237998723983765,0.9094294106650284,3.4576644877750784,2.655084521057212,2.680383787684539,4.541792391933697,4.677666187286377
dns2020_no_reverb_fileid_42.wav,3.429107904434204,0.9840343885569216,4.892525735027171,4.241456986671533,4.205066571763076,16.071236911076987,20.100191116333008
dns2020_no_reverb_fileid_43.wav,2.129838466644287,0.918533843101321,3.437161979397316,2.908464452073061,2.76172070708479,7.551330412267764,13.636205673217772
dns2020_no_reverb_fileid_44.wav,2.3602960109710693,0.9622132338073702,3.698532844911805,2.7898239779934864,2.9835856084260475,5.001623245852702,13.241429328918455
dns2020_no_reverb_fileid_45.wav,3.1080777645111084,0.9779114943654632,4.4526416695633095,3.782100901399008,3.798044279156227,12.36292108869178,17.78728675842285
dns2020_no_reverb_fileid_47.wav,3.3020052909851074,0.9799812918689996,4.770063093433955,4.0457316185248295,4.06565238777781,14.558808548118764,20.211669921875
dns2020_no_reverb_fileid_48.wav,3.1571807861328125,0.9682793424141504,4.090979686367223,3.551012995976743,3.615095664593192,9.546772408598974,18.69166755676269
dns2020_no_reverb_fileid_49.wav,3.4768712520599365,0.976469845627836,4.448132988073499,3.3553856587178394,3.9319854766968714,4.996374689386,16.817781448364258
dns2020_no_reverb_fileid_5.wav,2.951127052307129,0.9742689529422198,3.8844201782421655,2.703379233747845,3.3442352108491686,0.4768788289599615,4.590795993804932
dns2020_no_reverb_fileid_50.wav,2.3346874713897705,0.9575039837217012,3.464791270654798,2.6161603662092805,2.834577741848914,3.310562190201753,3.429760694503784
dns2020_no_reverb_fileid_52.wav,3.68073296546936,0.9890481017281048,4.984582639955513,4.230452519655486,4.361277249079956,14.721254521624347,18.45215606689453
dns2020_no_reverb_fileid_53.wav,1.64546537399292,0.8331293999075332,2.7748025735187616,2.195927234890064,2.1777164597035408,0.3499437675469219,8.98574161529541
dns2020_no_reverb_fileid_54.wav,3.6306326389312735,0.9837575386913348,4.693940966976348,4.041684465398554,4.182388377572615,12.500503790667494,21.583127975463867
dns2020_no_reverb_fileid_57.wav,2.6832666397094727,0.9507132538928906,4.156718748291722,3.1336537031154306,3.4269363148054044,5.705262091973679,13.537841796875
dns2020_no_reverb_fileid_58.wav,2.915663242340088,0.9598006647766052,4.2151435671682105,3.0996692467154427,3.555695731313806,4.180787697321851,13.631373405456545
dns2020_no_reverb_fileid_59.wav,1.849332571029663,0.9232286215951244,3.3681033383189214,2.3393754613562945,2.56928860989106,1.370120503896109,5.0031938552856445
dns2020_no_reverb_fileid_6.wav,1.9070569276809688,0.9150300423292445,2.5994034126191323,2.7388532059969792,2.244535741972914,6.01382432174909,14.825796127319336
dns2020_no_reverb_fileid_60.wav,3.76702094078064,0.9932332597128434,5.0,3.99794923350335,4.417916815946618,10.956065796760496,17.972442626953125
dns2020_no_reverb_fileid_63.wav,2.8473501205444336,0.9665310102036552,4.05664880144881,3.1056325922357177,3.4129733058707927,6.087523855608724,14.186568260192873
dns2020_no_reverb_fileid_64.wav,4.158786773681641,0.993646706146792,4.839326725435004,3.3764433269066987,4.394177392124494,3.540375059903807,5.327817916870117
dns2020_no_reverb_fileid_66.wav,3.632877349853516,0.9790565588722726,4.660431614778273,4.133783482809158,4.175497948942035,13.564279864538456,19.25277137756348
dns2020_no_reverb_fileid_67.wav,1.836541771888733,0.8868873635596859,3.2080173382161776,2.5195432280475942,2.5139990708986755,2.9689217044007425,7.675468444824219
dns2020_no_reverb_fileid_69.wav,3.8256406784057617,0.979832027529508,5.0,4.179965449689577,4.45167535554052,12.953732284372084,21.997594833374023
dns2020_no_reverb_fileid_7.wav,3.740093469619751,0.9931429152541378,5.0,4.179042589336111,4.414416429040342,13.49981005028495,21.10736083984375
dns2020_no_reverb_fileid_71.wav,2.903017997741699,0.9769615303904008,4.116431759818905,3.0312699631375897,3.4766457851348003,4.228551782415666,15.25497055053711
dns2020_no_reverb_fileid_72.wav,2.6007087230682373,0.9755039370356142,4.01409947703908,3.3989064015396937,3.308744254499234,10.78610439831093,14.21677589416504
dns2020_no_reverb_fileid_73.wav,3.589294910430908,0.9916207383238336,4.640821529680412,4.076047756055755,4.143523953416928,12.987720750088393,17.5211181640625
dns2020_no_reverb_fileid_76.wav,2.2009010314941406,0.9542774618579268,3.80827769537806,3.1808872893721056,3.015838082640116,9.856955114772962,11.58260726928711
dns2020_no_reverb_fileid_77.wav,1.7412444353103638,0.9479862580549178,3.382553982528309,2.7518961673287228,2.57303873692452,6.484955525211082,14.26593780517578
dns2020_no_reverb_fileid_8.wav,2.6714930534362797,0.9742437656573908,4.137208453427046,3.258784095749283,3.401026612514949,8.232689697615408,13.038009643554688
dns2020_no_reverb_fileid_80.wav,3.628080129623413,0.9937081702056044,4.839334932438596,4.083532129500063,4.256126641753337,13.065888713286077,21.24225616455078
dns2020_no_reverb_fileid_81.wav,3.3577589988708496,0.9836490515795044,4.875191491198964,3.9855173197892015,4.140428820639221,13.430526861585804,18.496662139892575
dns2020_no_reverb_fileid_82.wav,2.5647521018981934,0.9682943201607226,4.148715372774952,3.4295267786579675,3.371612996379863,10.926159852033509,18.77615165710449
dns2020_no_reverb_fileid_88.wav,3.357465982437134,0.9807819019140464,4.523285093066676,3.9480544207026296,3.96109135102422,13.018358909069503,18.7501163482666
dns2020_no_reverb_fileid_89.wav,3.512265682220459,0.9835731421458448,4.6006295997571245,3.4163506035678446,4.028009637720244,5.5953599322037695,10.50010585784912
dns2020_no_reverb_fileid_9.wav,3.5620594024658203,0.9898150688230712,5.0,4.034095185779464,4.321982869150793,12.49302464019126,18.4152946472168
dns2020_no_reverb_fileid_90.wav,2.949218988418579,0.9710272066439452,4.3036818387974485,3.449382788975336,3.646821867797249,8.14980281949726,13.882413864135742
dns2020_no_reverb_fileid_94.wav,3.107793092727661,0.963612478045038,4.44002303593123,3.752248847724013,3.7910574780147184,11.916105478575366,15.55181884765625
dns2020_no_reverb_fileid_96.wav,3.04424786567688,0.9885902817535316,4.51303944549607,3.4039026350542594,3.783792726077184,7.375944791760646,13.785512924194336
