test_order,Filename,static_PESQ,static_STOI,static_C_sig,static_C_bak,static_C_ovl,static_SSNR,static_SISDR,matched_dns_PESQ,matched_dns_STOI,matched_dns_C_sig,matched_dns_C_bak,matched_dns_C_ovl,matched_dns_SSNR,matched_dns_SISDR,persistent_musan_PESQ,persistent_musan_STOI,persistent_musan_C_sig,persistent_musan_C_bak,persistent_musan_C_ovl,persistent_musan_SSNR,persistent_musan_SISDR,musan_to_dns_switch_PESQ,musan_to_dns_switch_STOI,musan_to_dns_switch_C_sig,musan_to_dns_switch_C_bak,musan_to_dns_switch_C_ovl,musan_to_dns_switch_SSNR,musan_to_dns_switch_SISDR
0,dns2020_no_reverb_fileid_0.wav,3.835091352462769,0.9926356582426415,5.0,4.175131359122014,4.568429340439502,12.17284483394858,17.538990020751953,3.835117816925049,0.9926356591709484,5.0,4.1751395322350255,4.568426294447562,12.17284569951059,17.53899383544922,3.835117816925049,0.9926356591709484,5.0,4.1751395322350255,4.568426294447562,12.17284569951059,17.53899383544922,3.858876943588257,0.992619258326774,5.0,4.189483367524146,4.592523941486578,12.149771440032206,17.518861770629883
1,dns2020_no_reverb_fileid_101.wav,2.9807357788085938,0.9773271946007472,4.213878889092143,2.791442897988976,3.5419799009263,0.8189162679157925,10.14253044128418,3.006871461868286,0.9773646656277,4.232261360567709,2.806150211234237,3.5651317093901227,0.8184830148567593,10.147029876708984,3.005288600921631,0.9773591005981408,4.232170733399102,2.805647625536733,3.5643585320236704,0.8193778608956074,10.146543502807615,3.010688066482544,0.9773485567402834,4.2459877877422185,2.817092961410076,3.577288137669976,0.813449152541825,10.149093627929688
2,dns2020_no_reverb_fileid_102.wav,2.419386863708496,0.964594497097459,3.860321658481866,2.981557473138083,3.153508195839431,4.971523960003758,11.555036544799805,2.459937334060669,0.9648638108521668,3.894178608741968,3.004021446920561,3.19294013240772,4.927499120485569,11.565967559814451,2.465329647064209,0.9649019605677333,3.897437597110376,3.0070479434070325,3.197440084923405,4.927776799316991,11.56538200378418,2.46874737739563,0.9649787810889876,3.896558387235009,3.009932503635338,3.200060173446863,4.888957612007639,11.571645736694336
3,dns2020_no_reverb_fileid_104.wav,2.673161745071411,0.9550321288843442,3.996813671216643,3.0826038928384345,3.352850787115552,4.50542146449224,14.263615608215332,2.699204206466675,0.9557224730580836,4.050658018657567,3.097639500627578,3.394526970424574,4.4700784470217485,14.276140213012695,2.7032909393310547,0.9557881558982498,4.060789902493544,3.0997978258579884,3.4018061385009584,4.465655875611797,14.2777681350708,2.7139570713043213,0.9559028885116831,4.067030478735663,3.105650605018875,3.410829756105096,4.454169928828732,14.281119346618652
4,dns2020_no_reverb_fileid_105.wav,3.1420929431915283,0.962118212363342,4.317793861433176,3.5587125009209446,3.7335610471167735,9.200641123354904,15.99079132080078,3.14789080619812,0.9635856863252016,4.3273984803807455,3.5691599200511765,3.744123358558939,9.196667076647648,15.990188598632812,3.1462788581848145,0.9634815865315326,4.329993377596722,3.56816197191089,3.744513547641172,9.196889126420809,15.990013122558594,3.141861915588379,0.9635662115872532,4.302658906974719,3.5683188635772383,3.72954385555616,9.19493372464176,15.989627838134766
5,dns2020_no_reverb_fileid_107.wav,3.912651300430298,0.9962042078466892,5.0,4.168818247233292,4.6076307511891095,11.770513080710703,17.642690658569336,3.949664354324341,0.9961977477456058,5.0,4.190643827818482,4.641895239559664,11.747164348931951,17.6294002532959,3.94920015335083,0.9961976734685144,5.0,4.190198327061254,4.6413518617138605,11.748171105060864,17.62895393371582,3.951432228088379,0.9961984788885028,5.0,4.193198621477272,4.645303613288768,11.743016203371736,17.631908416748047
6,dns2020_no_reverb_fileid_110.wav,3.3890743255615234,0.973514341707136,4.627302629437659,4.004109443329091,4.025807824976115,13.80050665495747,19.711688995361328,3.397058725357056,0.973683943459914,4.63120737839818,4.013283269922154,4.033594712668311,13.805700898097454,19.70872688293457,3.3931150436401367,0.9736499613980504,4.63021178301174,4.011708414734804,4.031256197369299,13.804091804103312,19.70883178710937,3.4021689891815186,0.9736349490896146,4.635398173087022,4.017101400382524,4.038708296770412,13.807800550056248,19.70851707458496
7,dns2020_no_reverb_fileid_112.wav,4.309045314788818,0.9973252707865689,5.0,4.378749005328204,4.884149042049169,11.844411940540196,24.55003547668457,4.320529937744141,0.9973568150710448,5.0,4.394395906933483,4.901434249510616,11.875515253739009,24.549297332763672,4.321506977081299,0.9973567909796092,5.0,4.3952035737821,4.902580044272864,11.876517078454896,24.548927307128903,4.320253372192383,0.9973569404138936,5.0,4.395558674332846,4.902502870493911,11.874876806740756,24.54862403869629
8,dns2020_no_reverb_fileid_113.wav,4.045862197875977,0.9926484655733973,5.0,4.486065799125957,4.695843945112884,15.468670605968953,23.130035400390625,4.057462692260742,0.992581374599791,5.0,4.492126473138585,4.703691193015118,15.452233992905528,23.109844207763672,4.05657958984375,0.9925828186889312,5.0,4.491999235073091,4.703566758481154,15.451926560134307,23.10784149169922,4.0605082511901855,0.992568652539134,5.0,4.494113331572228,4.706872952416196,15.451695581469693,23.10758399963379
9,dns2020_no_reverb_fileid_116.wav,3.4462673664093018,0.9811692514781544,4.755494687905456,3.691321055523779,4.111673009521051,8.7012673268952,16.532379150390625,3.487340450286865,0.9815014560859868,4.790397668360431,3.716679282016675,4.151785699396989,8.703783269241685,16.5404052734375,3.489629030227661,0.981515116912182,4.793129970119872,3.717968997048153,4.154379170315415,8.703440722120742,16.539819717407227,3.488126516342163,0.9815168272065942,4.788910303205214,3.718353799236473,4.151906485234216,8.703958942033502,16.53955078125
10,dns2020_no_reverb_fileid_117.wav,3.9077112674713135,0.9880880809140646,5.0,4.291553406245957,4.574398862081704,13.738787550674555,22.33413314819336,3.913001775741577,0.9879215589179928,5.0,4.292799053290776,4.573841936543148,13.725703215553404,22.32419776916504,3.913073539733887,0.9879300949665069,5.0,4.293395197227024,4.574836466021095,13.724621634483906,22.323097229003903,3.914483308792114,0.987919905880322,5.0,4.293817311848052,4.576599604272488,13.722315914726334,22.324010848999023
11,dns2020_no_reverb_fileid_118.wav,2.611050605773926,0.9489426598570982,4.054496408003849,3.2650824277421138,3.343101978274151,8.185368409144111,12.34882354736328,2.7035913467407227,0.9500516923188348,4.112058197871717,3.309781113822661,3.4201287508783564,8.11977985243164,12.362817764282228,2.709182024002075,0.9500855589660192,4.11235530708092,3.3124628783103964,3.423337756721768,8.109439948020015,12.36671257019043,2.7075226306915283,0.950060250830696,4.109602317052648,3.3121266795061697,3.421376827730234,8.105819417287263,12.36925983428955
12,dns2020_no_reverb_fileid_125.wav,1.6679198741912842,0.8750092034353321,2.504318252098884,2.153684371270853,2.00218708135111,1.8125991143727167,10.517204284667969,1.7311493158340454,0.8753807292139358,2.55268564938921,2.1930291338346755,2.0618087599434176,1.7975832825290088,10.519758224487305,1.733292818069458,0.8754257279022818,2.535839271920441,2.1975976995959905,2.055827524219519,1.7957391499494944,10.519683837890623,1.736747980117798,0.8753348952479698,2.552587468219866,2.200796941202876,2.0665087260539723,1.7937352120621808,10.519381523132324
13,dns2020_no_reverb_fileid_127.wav,3.4668939113616943,0.9905602719241268,4.705729239135714,3.909277051547062,4.086758896689093,12.470002025289777,20.58143615722656,3.463900327682495,0.9904616513969268,4.703937494523257,3.9152753727669696,4.087256871048649,12.460104735266194,20.579843521118164,3.463578224182129,0.9904532866755216,4.705091507230194,3.9166066118546894,4.088159361227722,12.462049106145962,20.578582763671875,3.464343309402466,0.99045452096661,4.705596309592639,3.916734680621629,4.088740422461969,12.460764357407829,20.579490661621094
14,dns2020_no_reverb_fileid_130.wav,3.940977334976196,0.994494781592984,4.948612473966763,4.317116477259297,4.4749577301658965,14.115100364372935,24.81851577758789,3.974982738494873,0.994469584448192,4.971127754233398,4.334515480031612,4.504104784405803,14.099226727156545,24.80856132507324,3.977078437805176,0.9944691134978626,4.97252742940761,4.335861793000868,4.506017852543897,14.097718156706078,24.80646133422852,3.9778144359588623,0.994475941968633,4.977131680328563,4.336703836239473,4.508915302843697,14.095152064269898,24.807960510253903
15,dns2020_no_reverb_fileid_132.wav,3.342802286148072,0.9714943048719686,4.611405110183349,3.859152950562788,3.9995749668664753,11.628498169429609,18.4330997467041,3.3643062114715576,0.9716014053642172,4.60967942978069,3.866449954810824,4.01001351826274,11.5618483218999,18.4239444732666,3.3620500564575195,0.9715988547625884,4.610357383256258,3.8660174046612177,4.009549436952995,11.557214400613155,18.42304420471192,3.3610074520111084,0.9716044406727722,4.606343467825304,3.864812621931957,4.006911892765549,11.551017973418023,18.423095703125
16,dns2020_no_reverb_fileid_133.wav,2.723637580871582,0.9782287694605748,4.292775803564842,3.2001392325262663,3.514985431478772,6.455813267671381,13.385107040405272,2.765169143676758,0.9783369047311604,4.34137077744881,3.2177572019095138,3.5622003244776983,6.329435884930935,13.38814926147461,2.757894277572632,0.9783313653436008,4.337208376098732,3.214166669818003,3.556490924717892,6.326087226689896,13.3864164352417,2.7581889629364014,0.9783257892278224,4.338541876973685,3.212369866112521,3.557461523928419,6.288356871641347,13.389364242553713
17,dns2020_no_reverb_fileid_134.wav,3.432140827178955,0.966416099341042,4.547193764030685,3.380653422568304,3.969323149515597,5.26825380882794,15.541833877563477,3.429555892944336,0.966133869113208,4.536065556466402,3.379467629394803,3.96251834752957,5.267389216569832,15.54047679901123,3.4296932220458984,0.9661340665932034,4.536364876340135,3.3798875954012564,3.962884078916088,5.266516773875902,15.53933048248291,3.429868698120117,0.9661220417690396,4.536312311823421,3.3796860413600136,3.962829234576411,5.267154203417991,15.540153503417969
18,dns2020_no_reverb_fileid_136.wav,3.199702978134156,0.9697443642500542,4.634895186208425,3.900023668156294,3.939197114524013,13.354415589013657,17.84151840209961,3.222289085388184,0.9699514248987884,4.654424759634024,3.916113873852008,3.962483608622713,13.3431059084615,17.829572677612305,3.223226547241211,0.9699518592248146,4.655258739281792,3.916762845426262,3.9633870576586543,13.345628948139236,17.831729888916016,3.2235240936279297,0.9699707999005458,4.655604028993352,3.9170579773373433,3.963817813604431,13.343266807928838,17.830463409423828
19,dns2020_no_reverb_fileid_137.wav,3.1023154258728027,0.9764402970740272,4.4112469252002455,3.4092167871052426,3.7203749446582695,8.874207734848927,16.923025131225586,3.114430904388428,0.976456686629051,4.410683922471663,3.4131449885613723,3.725682001972016,8.868018593307623,16.92624282836914,3.1140806674957275,0.9764576451233666,4.41133195111519,3.4134563356957104,3.725998297367644,8.868096511100187,16.92572021484375,3.1143558025360107,0.976459421193365,4.410986523385507,3.413412914093068,3.7259032451084906,8.86805630941403,16.926034927368164
20,dns2020_no_reverb_fileid_139.wav,3.76367449760437,0.9851515061080643,5.0,4.057533012074487,4.443007319132577,11.262259814032504,16.466981887817383,3.8004310131073,0.985198161581286,5.0,4.075104586122428,4.479024369697088,11.229594709288524,16.502277374267578,3.803437232971192,0.9851864329850072,5.0,4.076984570094805,4.482606777997748,11.226101444448728,16.49561882019043,3.803768396377564,0.9851909861014024,5.0,4.077092539719521,4.483194076000037,11.226882044138808,16.5045166015625
21,dns2020_no_reverb_fileid_14.wav,3.261305332183838,0.9803005702921628,4.323665080192525,3.8039341890456666,3.8186970313533353,11.21851925562754,17.982707977294922,3.321607828140259,0.9806453577923626,4.388780516738143,3.8332050647342,3.882930262605636,11.164666612397616,17.996681213378906,3.3209242820739746,0.9806600036543344,4.390360867117578,3.833599963443165,3.8837897016844,11.157692509487331,17.996522903442383,3.321227550506592,0.9806448646145144,4.387691382992522,3.833925651861082,3.88253425145628,11.164100609227155,17.996009826660156
22,dns2020_no_reverb_fileid_142.wav,2.559445142745972,0.9512286280366762,4.060780655738865,3.1942090201020883,3.3172526371534263,7.580470995155497,12.1295747756958,2.642918109893799,0.951739913755288,4.134796747029705,3.2297183008941874,3.3975916111113382,7.45086312379236,12.138748168945312,2.657120943069458,0.9517227598848468,4.143192828828413,3.2358412738443274,3.409162307409507,7.430549638408669,12.143537521362305,2.6568546295166016,0.9517228490971892,4.141949174797445,3.2354489942813345,3.40838896980962,7.427227099832813,12.145614624023438
23,dns2020_no_reverb_fileid_143.wav,2.279515266418457,0.9561274213485986,4.057399424947654,3.681708807771441,3.2009389401671733,16.265062323858555,14.203855514526367,2.2770755290985107,0.9563844183229976,4.028903207300946,3.678808530079211,3.185168462783562,16.253381693968887,14.21016788482666,2.278872489929199,0.956397797324922,4.030577963892144,3.680102704045243,3.1870678804589723,16.253297615959546,14.210222244262695,2.277815580368042,0.9563922567903512,4.030292223121987,3.6793257128525534,3.186283992165853,16.253742326224568,14.210366249084473
24,dns2020_no_reverb_fileid_145.wav,3.58632493019104,0.9866154744350704,4.700521011376405,3.121635251179789,4.105530075877774,0.7775105541191141,6.141507625579834,3.589824676513672,0.9866192445068296,4.699616628946803,3.124478156927681,4.107290758818362,0.7765454015954664,6.140175342559815,3.592238426208496,0.9866145148492096,4.701620793402486,3.126118541526273,4.109681153595544,0.7765889105398369,6.140093803405762,3.591657876968384,0.9866179447406024,4.701209986303367,3.125812182197952,4.109171951326434,0.7766437024555729,6.140178680419922
25,dns2020_no_reverb_fileid_146.wav,3.498657464981079,0.9926611323991468,4.937946343376527,4.143671026423195,4.245958160037398,14.732831895235558,19.3606014251709,3.5510311126708984,0.9927367098380432,4.983428815693044,4.174446053331841,4.297409998343288,14.719342699769845,19.362756729125977,3.550875663757324,0.9927375522759336,4.983971841864989,4.174930239757323,4.297805334191809,14.719235517231033,19.362701416015625,3.553088426589966,0.9927414076655134,4.986006317382101,4.176171222106535,4.30000157541406,14.719211363084538,19.36406707763672
26,dns2020_no_reverb_fileid_147.wav,3.009648084640503,0.9680643200082774,4.192523625067842,3.4080458384988006,3.6114814327895526,7.499812847534833,14.60258960723877,3.0081329345703125,0.9684201717952794,4.163007044781216,3.400632604478334,3.5974586568296023,7.330682329248496,14.590386390686035,3.005316257476806,0.9683997131754296,4.165775117808009,3.4002681510624115,3.597940345181534,7.323062394533623,14.59052848815918,3.004266262054444,0.9684067005117488,4.161461322864675,3.39868354076109,3.5950013778283383,7.317434920197438,14.590643882751465
27,dns2020_no_reverb_fileid_149.wav,3.645165205001831,0.9857488598188104,4.9137715382477145,4.033899133323628,4.299702379305268,12.24047688181198,20.890275955200195,3.677842140197754,0.9856651580895492,4.92505083675237,4.049174572885924,4.321611689889455,12.243986791113176,20.878536224365234,3.678996801376343,0.9856689729112804,4.926971230929034,4.049778630724736,4.323155848736126,12.244569106054534,20.8786849975586,3.67877197265625,0.9856659994879524,4.926334779276277,4.049776093224677,4.322764151943279,12.244537806978208,20.878393173217773
28,dns2020_no_reverb_fileid_150.wav,2.4968273639678955,0.9629808602891974,3.872244048068762,2.7913905598556665,3.181397372559303,2.1209533251844603,11.721385955810549,2.579073429107666,0.9630520402186692,3.9178576315955658,2.828685775047028,3.2483694556945606,1.967985040184861,11.722261428833008,2.5843729972839355,0.9630533477326888,3.9189081942249895,2.8300279037295253,3.2512651150814733,1.962436468224164,11.72171688079834,2.5826265811920166,0.9630387166495228,3.9162237085914615,2.8281492835335245,3.2488781433921377,1.9533300579108743,11.72319793701172
29,dns2020_no_reverb_fileid_152.wav,3.724259376525879,0.9956607350837776,5.0,4.149400002088691,4.439784055918464,12.845162008171732,20.426498413085938,3.7027318477630615,0.9956368208748124,5.0,4.1388273938734255,4.420688338436742,12.816173440363553,20.4146728515625,3.7008769512176514,0.995633462883334,5.0,4.137718250222223,4.418654756734523,12.814080241585565,20.416015625,3.702097177505493,0.995636941702917,5.0,4.138457348300817,4.420251073769932,12.815530694479063,20.41356086730957
30,dns2020_no_reverb_fileid_155.wav,2.756425142288208,0.9575543503958523,3.962526218150866,3.2149163591829293,3.36831170952414,6.393482862641502,13.986814498901367,2.759096145629883,0.9575056977948488,3.968078062106767,3.218804462474316,3.3741777590281146,6.357615869183212,13.98045539855957,2.7601778507232666,0.9574582487410428,3.970873192437319,3.2200488063836623,3.376399970139557,6.356593885587912,13.981208801269531,2.756934404373169,0.9574864298949723,3.969574006650872,3.2183115365287485,3.374061207490696,6.356028366506973,13.982364654541016
31,dns2020_no_reverb_fileid_156.wav,3.465315103530884,0.9806614183834148,4.432636653380836,4.125239170780252,3.977535608081373,14.700231401809672,21.40708541870117,3.4635448455810547,0.980917528904813,4.445527889993826,4.124623932080315,3.983273356056002,14.694320161362809,21.40679359436035,3.4648263454437256,0.98093719389524,4.448923882952945,4.126626155692717,3.985990089923191,14.699641394409603,21.407745361328125,3.463122129440308,0.9809293182640128,4.445691103457065,4.124409322948115,3.983144391589947,14.69397633136668,21.406856536865234
32,dns2020_no_reverb_fileid_158.wav,3.377976894378662,0.9929023598901828,4.589183058563911,3.920771624908042,4.011657068531555,12.102777851905794,16.627323150634766,3.462065935134888,0.9929074946159132,4.627207318594121,3.964624185170788,4.075084296980754,12.070720384335052,16.61921501159668,3.4661645889282227,0.9929081731218466,4.63297585471978,3.9670742389958407,4.080256954107546,12.06825865699987,16.619037628173828,3.4652304649353027,0.9929077954062976,4.630906763176937,3.966530079130976,4.07875470579888,12.06675404026835,16.618867874145508
33,dns2020_no_reverb_fileid_16.wav,3.4785051345825195,0.9926975553936992,4.807010876070302,3.893467226359802,4.160366119716865,11.36656414508115,17.352344512939453,3.544196605682373,0.9927031619235346,4.846809476415781,3.931630049493364,4.2164348100427045,11.337575142009683,17.34780502319336,3.539544105529785,0.9927036138833676,4.8447231803847925,3.929124477756696,4.212886352014684,11.340198872601954,17.347793579101562,3.5432064533233643,0.9927030903747532,4.846929295543578,3.931066241781024,4.21604605013266,11.333864335026854,17.34748649597168
34,dns2020_no_reverb_fileid_161.wav,3.122110605239868,0.9763756099476416,4.460684746506659,3.631438522590394,3.807544348086147,9.934950171810344,16.244279861450195,3.126354217529297,0.9764101713773106,4.4622985603569525,3.631274468387339,3.8106230275956463,9.894296745027184,16.25520896911621,3.1240110397338867,0.976411578130546,4.461796494201859,3.630701285673004,3.809451549942048,9.891452976894664,16.2540283203125,3.1253390312194824,0.976405799411103,4.461172059138852,3.6303985928903577,3.8094949983764215,9.890514531573375,16.25541877746582
35,dns2020_no_reverb_fileid_163.wav,2.495497941970825,0.9738694551927646,3.4998668471210888,2.3407645703386133,2.879633138630385,0.0806867373925427,2.5638766288757324,2.507186889648437,0.97401056196317,3.5073806260737026,2.3454552108665983,2.8889541995296573,0.0805563498142181,2.564387559890747,2.5041420459747314,0.9739614821036272,3.5042762524381894,2.343861609357433,2.885827222831222,0.0803367543713097,2.5643813610076904,2.5059313774108887,0.9739893220601936,3.5058094054394937,2.3448639401665474,2.88754418316032,0.0804429902741876,2.5642991065979004
36,dns2020_no_reverb_fileid_165.wav,3.5751540660858154,0.9872330117709208,4.496610543813039,3.1771794583916484,3.97500994179637,2.7757593758020613,7.24454927444458,3.594184875488281,0.987292026626394,4.505884925121129,3.188228764457853,3.989896090460655,2.7776033102906883,7.245249271392822,3.5953826904296875,0.9872890687817976,4.507349624935436,3.1888890283633504,3.991266149043508,2.7773912011228763,7.24516487121582,3.595334529876709,0.9872968563071448,4.507830599934619,3.188791104265104,3.9914526374555694,2.777458433983055,7.245249271392822
37,dns2020_no_reverb_fileid_166.wav,3.2206082344055176,0.976144521058376,4.556941285386904,3.783887824929435,3.901099839900634,11.787068135754678,18.27143096923828,3.2424654960632324,0.9760433303258144,4.568869668399008,3.795586117116901,3.918876897165872,11.771463601004903,18.254262924194336,3.246960163116455,0.9760426973377696,4.573307136392371,3.798430381051246,3.923631767317456,11.77029209723688,18.252859115600582,3.245800733566284,0.976043266567367,4.571822050096916,3.7972595103422746,3.922067893019947,11.771054525573716,18.253761291503903
38,dns2020_no_reverb_fileid_167.wav,3.4242072105407715,0.9754426859460762,4.808804585058796,3.954032988288225,4.14556951217702,12.22311139525874,17.46552848815918,3.462952136993408,0.9758093168962668,4.836030876250492,3.9759956286788665,4.180104167807998,12.21506691495537,17.470434188842773,3.465008497238159,0.9758196812157056,4.837994419198468,3.97729277623848,4.182244655578666,12.214542681247876,17.47113037109375,3.4657435417175293,0.975817854460091,4.838901349594397,3.977535004684004,4.183014331193664,12.21513503813584,17.472131729125977
39,dns2020_no_reverb_fileid_169.wav,3.0015454292297363,0.9621181473723068,4.273893393650219,3.4741686492390063,3.64418861121024,8.773368613364113,14.085427284240724,3.015557289123535,0.9625109706491826,4.299813081252849,3.4756943218431564,3.6658333454845695,8.617590580025428,14.085373878479004,3.015878438949585,0.9625094234831022,4.296461647338012,3.476993283347897,3.66486227343587,8.612230130105418,14.08572006225586,3.0120434761047363,0.962499923872871,4.294946004283714,3.473163282897241,3.661681770304899,8.602115477242869,14.085549354553224
40,dns2020_no_reverb_fileid_17.wav,2.514168500900269,0.954273408508702,3.972459566043827,3.0665574633775434,3.243390494971744,6.208534610347428,12.014806747436523,2.53615403175354,0.9545588586478532,3.961224119904197,3.065539363508794,3.250777092811483,5.942948245963956,12.01002311706543,2.525453567504883,0.9545543112020756,3.955500059972407,3.05885004483447,3.24276682235058,5.907328620546863,12.00931453704834,2.527916669845581,0.9545315692352128,3.959478330297108,3.059697724648528,3.2458124092722054,5.909923241456172,12.009763717651367
41,dns2020_no_reverb_fileid_170.wav,3.162388563156128,0.9735118750069774,4.294596186051652,3.255119180511304,3.741533651614989,3.819436807166659,13.94923210144043,3.1592984199523926,0.9736489480227036,4.247456806810949,3.234465204130613,3.717922403526762,3.453168324214904,13.957977294921877,3.158257246017456,0.973647656716932,4.240496855922693,3.2332016917235222,3.714233463634435,3.427799724618853,13.959360122680664,3.158513307571411,0.9736379053191458,4.24683850993299,3.2333366121873777,3.717256772647844,3.43951611240248,13.959375381469728
42,dns2020_no_reverb_fileid_173.wav,3.7971279621124254,0.9919493102020498,5.0,4.348381533726978,4.430686764553939,15.644990573348991,22.75839233398437,3.79210901260376,0.991924012471056,4.985751521390272,4.3477087833812975,4.420438589681676,15.634378978172018,22.75350379943848,3.793469667434693,0.991917913779798,4.9872428976713294,4.34883094975984,4.421992253490186,15.63638138539236,22.75299072265625,3.793458223342896,0.9919261861958388,4.986389526266359,4.348385893198515,4.42143604722947,15.634947119240248,22.7536735534668
43,dns2020_no_reverb_fileid_175.wav,2.6442360877990723,0.9411024338933828,3.490697143050484,3.271953406506671,3.0758166746512647,8.197420820345332,17.363893508911133,2.7163455486297607,0.9421089107244232,3.613757050014482,3.303342654287572,3.173647533154467,8.14030186920155,17.35686492919922,2.7340495586395264,0.9421470185480788,3.6380637364565582,3.3144742712603525,3.1957868276269354,8.13397885284846,17.35701560974121,2.722337007522583,0.9421033895625208,3.616540232502072,3.3067180156373435,3.178221353313341,8.141215765616822,17.35740852355957
44,dns2020_no_reverb_fileid_176.wav,3.3804874420166016,0.9677438194342964,4.423931582426441,3.8997887560265054,3.910704414930031,12.631679844780582,19.261775970458984,3.4303152561187744,0.9682767832649308,4.476583814198457,3.93693631445036,3.967082980072377,12.622129450400235,19.27037239074707,3.4391989707946777,0.9683082394794384,4.47932165764552,3.940450152919334,3.972705269944262,12.620456183532667,19.270957946777344,3.4324584007263184,0.9682815913769396,4.478600974770095,3.938100456722089,3.969232204933506,12.62155685102534,19.27074241638184
45,dns2020_no_reverb_fileid_178.wav,3.7436444759368896,0.9912243939711748,4.944918823198336,4.112629009738927,4.366279928627678,12.683441965886455,20.251319885253903,3.753124475479126,0.9912038638561708,4.94657082558985,4.118748485430837,4.37305687383625,12.65719273811123,20.2348861694336,3.7577641010284415,0.991204075970182,4.9511635078299525,4.121945739453881,4.378108659121371,12.654070362029897,20.231788635253903,3.754852056503296,0.991203423686572,4.948424409219471,4.119852396646608,4.374973759297646,12.65622216047761,20.23384475708008
46,dns2020_no_reverb_fileid_180.wav,3.692502975463867,0.987011339672556,4.968461025698011,4.134934004667422,4.360116947096725,13.07534344144976,21.06739044189453,3.712717056274414,0.986896847067826,4.969023696968642,4.14380939867751,4.370590001677173,13.0634832058328,21.059154510498047,3.710635900497437,0.986898337708547,4.9693789955700325,4.1422953362625305,4.369794333767492,13.051784087910228,21.05804252624512,3.71128511428833,0.98690343098257,4.969085704717556,4.142773675975601,4.369897796360871,13.057906766458018,21.059226989746094
47,dns2020_no_reverb_fileid_181.wav,3.84815526008606,0.9944833712882208,4.940844101393133,3.682780881913523,4.36692325332595,7.275015651924167,9.968153953552246,3.8464975357055664,0.9944030274891696,4.936400575090695,3.681382801631652,4.363725796699021,7.271983825333439,9.967233657836914,3.8459646701812735,0.9944027973229664,4.935533149932091,3.68087763585838,4.36293651141684,7.2719120426437724,9.96722412109375,3.846405982971192,0.9944032785687869,4.936289300048163,3.681340477850563,4.363626190129823,7.271918912390525,9.967205047607422
48,dns2020_no_reverb_fileid_19.wav,3.041991949081421,0.9708436394893056,4.501864730825679,3.553762203318905,3.798111826299445,8.845729927446211,14.565685272216797,3.1236066818237305,0.9715103924059172,4.569624740234324,3.597377264969788,3.8754034762181058,8.814655035915552,14.578664779663086,3.1268250942230225,0.9715270241693024,4.574942852954765,3.600219441368336,3.8802496600965024,8.810021966720715,14.579809188842772,3.124192953109741,0.9714996898362313,4.571670670304946,3.59842353227769,3.87707487127662,8.811069535847233,14.579696655273438
49,dns2020_no_reverb_fileid_191.wav,2.2650060653686523,0.9843386055518594,3.601236343040782,3.4365857037036225,2.9503079676413506,13.203836721689877,19.103574752807617,2.258359670639038,0.984332647038112,3.6044231668699966,3.445406952351016,2.952963450780351,13.199278753966931,19.098892211914062,2.259690523147583,0.9843302572402612,3.60707170996784,3.445852353582316,2.9548840918592973,13.199301231832804,19.09745979309082,2.2592294216156006,0.9843331583331156,3.6052807715420463,3.44598873554801,2.953888072734786,13.19932766267693,19.098365783691406
50,dns2020_no_reverb_fileid_192.wav,1.889918088912964,0.8901209157694039,3.29627132046238,2.601958197659781,2.57542700601814,4.287934992696251,11.036931037902832,1.9866935014724727,0.8915375749915839,3.376064364801919,2.6540098336743223,2.667833008689484,4.210914269378805,11.04128074645996,1.9788382053375244,0.8914526045913894,3.3906436541928606,2.6527150595726803,2.6718127209036067,4.21946781984588,11.041518211364746,1.981281995773316,0.8915348880737307,3.385551640996729,2.654036012706505,2.6706282647881667,4.216820126933681,11.04153060913086
51,dns2020_no_reverb_fileid_197.wav,3.8847904205322266,0.9971704585311242,5.0,4.2478755817295735,4.572898444631531,13.324440541662993,21.71483612060547,3.890156745910645,0.9971573753600506,5.0,4.251419046630436,4.574018657251962,13.32362147467606,21.70636749267578,3.8899314403533936,0.9971573304437032,5.0,4.251059188325078,4.573493263978374,13.322928147737644,21.706241607666016,3.889926433563232,0.9971572132267208,5.0,4.251801243022149,4.574134675442896,13.32426020148623,21.70624542236328
52,dns2020_no_reverb_fileid_199.wav,2.648829221725464,0.975778461673255,3.754540451073227,3.329169221589836,3.2180826114325622,8.68894591616154,14.471580505371094,2.718515157699585,0.9760249188468944,3.783184117701512,3.363362426502449,3.2692544098786773,8.626718485106807,14.465474128723145,2.728315830230713,0.976048437781437,3.7924449457879423,3.3686282429102987,3.279366517408809,8.611480770691736,14.467001914978027,2.7228245735168457,0.976038202363552,3.784227784802322,3.3658439159580547,3.272307207268152,8.61766386027924,14.466272354125977
53,dns2020_no_reverb_fileid_2.wav,3.2922701835632324,0.9767121551988248,4.67399370465533,3.82269718616437,4.007615060201713,11.326843583401434,18.340564727783203,3.319760799407959,0.9769208214833612,4.687583312126427,3.83626556207929,4.029331763912886,11.286354467600823,18.32785415649414,3.335650682449341,0.9769362064574842,4.696611550874524,3.844498838595494,4.042210811231396,11.280485404597414,18.327104568481445,3.332132339477539,0.976927234249433,4.695913485148383,3.842516343803181,4.039922363198281,11.282958406566994,18.328025817871094
54,dns2020_no_reverb_fileid_20.wav,2.817507266998291,0.9733935896604888,4.329821887144884,3.5432890534307893,3.5910591551767177,10.739262855117708,15.487895965576172,2.88464617729187,0.9737966507807462,4.393750545809671,3.577043634951359,3.658361783123095,10.695556834116545,15.489830017089844,2.8869638442993164,0.9738023833988396,4.398412565452671,3.578603282039276,3.662118476862928,10.69097907288731,15.490570068359377,2.8879754543304443,0.9737860333268809,4.398080784700424,3.578667335469857,3.662303404502028,10.691405798212614,15.491410255432127
55,dns2020_no_reverb_fileid_200.wav,3.178951501846313,0.9761433627983388,4.359036739038947,3.694786219495053,3.788171540923178,10.398983069336284,15.430974006652832,3.2742652893066406,0.9762976542840536,4.422453929681361,3.7475588050992656,3.870962031159561,10.376628156948732,15.435049057006836,3.281972885131836,0.9762967589479206,4.430470208348861,3.753033147401216,3.879571292082148,10.372944202878946,15.435219764709473,3.281496286392212,0.9762973579677702,4.430828682036416,3.752583308811648,3.879416949555331,10.373475325967066,15.435144424438477
56,dns2020_no_reverb_fileid_201.wav,3.3933026790618896,0.9811687302279042,4.661996012849383,3.807826654083188,4.043216428049921,10.74045724300094,18.98290252685547,3.3616387844085693,0.9812618768740176,4.651800595655705,3.791453564395525,4.023581728870303,10.65792058421067,18.97397422790528,3.355617046356201,0.9812654951253612,4.650109188409111,3.788686182799397,4.019915861890636,10.650144091717545,18.97386741638184,3.3554720878601074,0.9812599542596896,4.649676655536089,3.788465220693208,4.019559934188317,10.650711168520273,18.97405433654785
57,dns2020_no_reverb_fileid_205.wav,3.682906150817871,0.9869529971584728,4.882645511866668,4.272972317059436,4.311504355465093,15.38626455754704,19.17133140563965,3.711864709854126,0.9870897190393162,4.906680403481286,4.287405847611357,4.338430944367489,15.380473522080749,19.17207145690918,3.714489459991455,0.9870987601534494,4.908659455648136,4.289976557201305,4.341190521632096,15.381561203249388,19.17225646972656,3.7115886211395264,0.9870896909361536,4.906510946978847,4.287676200153264,4.338340761115276,15.380975578191936,19.172203063964844
58,dns2020_no_reverb_fileid_206.wav,3.319676160812378,0.9732659032715544,4.231096680618604,4.016709117402185,3.8073966601754337,13.92022683930472,18.02962112426757,3.3629040718078613,0.9739348320139576,4.234489817825095,4.038287698049931,3.831754650587007,13.897703450294433,18.06431770324707,3.365752935409546,0.9738585546671302,4.222544858431048,4.039982825213711,3.8272575094618415,13.902653967568789,18.06232070922852,3.363159418106079,0.9739023402943224,4.221347374196509,4.038125715390267,3.8252096383220193,13.8991279719261,18.062509536743164
59,dns2020_no_reverb_fileid_207.wav,1.7859930992126465,0.932983223343658,3.618244573372206,3.184366774305792,2.719850491785968,12.70416341427239,9.093026161193848,1.78887677192688,0.933031058989064,3.602889486407324,3.1853063838634377,2.713608180211305,12.69976401976142,9.096349716186523,1.7897124290466309,0.9330363068414256,3.6028835162769486,3.185817736661909,2.7140455237343453,12.700732459941012,9.09635066986084,1.788991093635559,0.9330311138078218,3.6021943450210854,3.185311295476316,2.713293376500832,12.700148778999871,9.096405029296877
60,dns2020_no_reverb_fileid_208.wav,3.4466614723205566,0.9873971116307866,4.640894341612154,3.956069692018717,4.063193091130383,12.53305945885146,18.84480094909668,3.4604251384735107,0.9873986758736604,4.611450384566045,3.96851093732978,4.057625362809175,12.532152471276596,18.85294914245605,3.4653000831604004,0.9874024671012896,4.616170750428564,3.9718891103824,4.062822507738961,12.531746569763754,18.853574752807617,3.4619174003601074,0.9874015809676202,4.613394376381455,3.9694665829520415,4.0594413074862175,12.531807790890843,18.853660583496094
61,dns2020_no_reverb_fileid_21.wav,3.311647653579712,0.981366172469281,4.703314493065238,3.7783186837481497,4.028541056319524,10.627320624083078,17.395729064941406,3.364020586013794,0.9815076812051796,4.748285555490887,3.804802919813608,4.078806402474672,10.586777529556269,17.390029907226562,3.3639283180236816,0.981506752683984,4.7486909796967565,3.8045872006952095,4.078959337953092,10.584150390562732,17.38994789123535,3.3643171787261963,0.9815107618126852,4.748476482729572,3.804747827655052,4.079057034623118,10.583394374155104,17.390031814575195
62,dns2020_no_reverb_fileid_210.wav,3.464205265045166,0.988632940794136,4.785280888007224,3.848513076623173,4.147365792750614,10.53976275139401,17.187915802001953,3.503796100616455,0.9886875222766128,4.819789305432987,3.865338556282077,4.186238625951226,10.43108417682346,17.185636520385742,3.5011818408966064,0.9886863376076768,4.817897574724735,3.864307742012258,4.18400096678575,10.433512147757003,17.1854190826416,3.50130558013916,0.9886845380902478,4.8202184839316775,3.864026586080343,4.1853314542231885,10.42312356603533,17.18597412109375
63,dns2020_no_reverb_fileid_213.wav,3.603996753692627,0.9821933243653306,4.959900342619465,4.340072659454162,4.320678281254769,16.583883233520183,21.561229705810547,3.63185715675354,0.9823065936016644,4.969227282635402,4.351014734535444,4.339186168200286,16.55505746260689,21.55450820922852,3.6305339336395264,0.9822898948496572,4.968713594718379,4.350461721408628,4.338324287089678,16.553592079180394,21.553810119628903,3.631923198699951,0.982301805319098,4.969403559053412,4.351177932385303,4.339354708712063,16.555054824038198,21.555084228515625
64,dns2020_no_reverb_fileid_214.wav,3.2116615772247314,0.9845939743882764,4.10618786502939,3.325622157802276,3.65047745940529,5.542394433873255,10.825084686279297,3.267237663269043,0.9848567430383216,4.118566576989798,3.3546755823898007,3.6858328403206593,5.532007183060581,10.817758560180664,3.2717316150665283,0.984859295935768,4.128561500984891,3.3578065640185333,3.6934830953235145,5.529641583691002,10.81520175933838,3.270261526107788,0.9848585590668087,4.125595895736621,3.3567620423250464,3.6911205035326606,5.530589062261551,10.816325187683104
65,dns2020_no_reverb_fileid_218.wav,4.098973751068115,0.9952317607995668,5.0,4.550643478934572,4.709704267493051,15.89202430193285,20.64125061035156,4.136197090148926,0.9953225813196152,5.0,4.56763971600671,4.740120920152513,15.88016678020258,20.62448501586914,4.1371588706970215,0.995320291910442,5.0,4.568084606905933,4.7408608643006405,15.881263892793436,20.62346649169922,4.137155055999756,0.9953193609207882,5.0,4.568110917023578,4.7409650589442585,15.880350676711268,20.623628616333008
66,dns2020_no_reverb_fileid_220.wav,3.6248698234558105,0.9951356728037064,4.884587928392112,4.247959941626993,4.287963591162538,15.218139570573095,19.315818786621094,3.6406116485595694,0.9951294510624874,4.8956046817704575,4.256138272091686,4.301899053233786,15.20627621362964,19.307100296020508,3.641910076141357,0.9951296258364573,4.897771162510114,4.256998676629801,4.303730863906488,15.20575643821634,19.307252883911133,3.641238212585449,0.9951306490345044,4.896864176816499,4.256577702448345,4.302866907358835,15.207405862361576,19.306961059570312
67,dns2020_no_reverb_fileid_221.wav,3.101157665252685,0.9470896127627224,4.562747458662268,3.710333737716252,3.8539158095902817,11.07444975486646,15.226244926452637,3.1076815128326416,0.9484060106782524,4.568029816258679,3.711090830505364,3.859704997023967,11.042849375455544,15.227277755737305,3.1060056686401367,0.9484414869383658,4.5684614109442325,3.710874865170752,3.859375853485723,11.038815207399375,15.22593879699707,3.1076226234436035,0.9484369903390404,4.569202375352501,3.711256195249384,3.860369966730816,11.04101830407754,15.22687816619873
68,dns2020_no_reverb_fileid_223.wav,1.72102689743042,0.9015653113756604,2.475920305847093,1.651055571315688,1.9358715619544609,-3.0877866155977043,4.285622596740723,1.745195388793945,0.9028221602772362,2.525524780336505,1.6659188131266047,1.9739516347836688,-3.087847137904125,4.286029815673828,1.7463245391845703,0.9029319136873328,2.5317069863784005,1.6677818471644006,1.978074798630293,-3.087854122665912,4.286138534545898,1.7451270818710327,0.9028142106069532,2.5307430781109423,1.6664370945792002,1.9767118239543136,-3.087835177517509,4.286076545715332
69,dns2020_no_reverb_fileid_228.wav,3.256513833999634,0.9902292948635008,4.679121319503576,3.792572621358002,3.9821547930781978,11.558618463749587,17.50680160522461,3.3304989337921143,0.9902840964939528,4.720467598935268,3.829419713501979,4.04059800503643,11.559647440441983,17.510421752929688,3.3296172618865967,0.9902840188614505,4.720705174423862,3.82914218440988,4.040318088664368,11.55985713694826,17.51045036315918,3.333256244659424,0.9902843319892544,4.7228256896675695,3.830691613353759,4.043146898095493,11.559654593512663,17.510717391967773
70,dns2020_no_reverb_fileid_229.wav,2.7374396324157715,0.9656207283136378,3.925921073460672,2.9850912497643414,3.325038879628187,3.5712038764065444,13.830517768859863,2.7673535346984863,0.9656104219235384,3.953559329030361,3.005363386868523,3.362007008146311,3.308669090090397,13.837098121643066,2.7684361934661865,0.9655912867252316,3.957646764503906,3.0063539956334697,3.3654458685565825,3.2783596480154262,13.840133666992188,2.766693592071533,0.965576550207904,3.957783677725763,3.005411792737284,3.3647474732813105,3.271627912741492,13.84045124053955
71,dns2020_no_reverb_fileid_23.wav,3.1919264793396,0.9750094374739552,4.562526430211545,3.265392935721043,3.8653694534601866,4.83317600137702,9.202157974243164,3.2723100185394287,0.9762227095323052,4.62198069970914,3.3079020770930043,3.9369491092586246,4.83607895947836,9.208215713500977,3.26931095123291,0.9762163541118092,4.620264140636838,3.306644605073025,3.9346481183871584,4.8358980631843,9.208292007446287,3.2699053287506104,0.9761996629047348,4.619858638016477,3.307052631590722,3.9347897954808784,4.835957046286191,9.208179473876951
72,dns2020_no_reverb_fileid_231.wav,3.2250800132751465,0.9760220099845762,4.205300744483568,3.263114469284777,3.6931882173146735,5.037941656813048,13.214664459228516,3.263408660888672,0.9760822086619924,4.2783342737545125,3.3134978701937605,3.760765381915929,5.023303687956327,13.22715950012207,3.262269735336304,0.9760765334687262,4.2807860683097525,3.3160164927005207,3.762556568842753,5.021415444570962,13.229639053344728,3.262962579727173,0.9760802385483988,4.280714135884324,3.314916913164441,3.762331597474077,5.02245468496913,13.228424072265623
73,dns2020_no_reverb_fileid_232.wav,3.849266767501831,0.99164941967231,5.0,4.132834424898424,4.516546908358819,12.190930097277004,20.04175567626953,3.85845398902893,0.9917202622336888,5.0,4.140427605594656,4.527566098346726,12.17254838408876,20.037851333618164,3.859033346176148,0.9917210066380234,5.0,4.139906298706559,4.527619470843844,12.17295497077822,20.03811836242676,3.858003616333008,0.9917202397166088,5.0,4.140781575378503,4.527702439203077,12.17122833460084,20.037899017333984
74,dns2020_no_reverb_fileid_234.wav,1.2789692878723145,0.8498553844925554,2.497012703803952,2.213552220424593,1.828731250573053,4.542629104212041,8.273039817810059,1.277014970779419,0.8501816239288893,2.5153934735871224,2.2186194655678504,1.8396497675837369,4.51630186461589,8.266623497009277,1.2793893814086914,0.8501768356029475,2.519667893484674,2.2199241040233537,1.8431646636218253,4.510664495942957,8.266724586486816,1.2770440578460691,0.8501762726951215,2.515069839089955,2.218493081040572,1.839454021156092,4.516251738030281,8.266613960266113
75,dns2020_no_reverb_fileid_238.wav,2.27209997177124,0.9386829126695112,4.149139950982819,3.1509018197807914,3.239249044330705,8.054112450557078,8.655797958374023,2.266021728515625,0.937802345175958,4.158695152507303,3.1474613763701216,3.2412332364951904,8.03244134843956,8.588057518005371,2.267619371414185,0.937817028670203,4.161033710059416,3.1487206439109645,3.243336093230708,8.034469838170567,8.5886812210083,2.266364336013794,0.9378115256414672,4.158994527435183,3.147601898873739,3.241532160804592,8.033087546241186,8.588739395141602
76,dns2020_no_reverb_fileid_241.wav,3.696443796157837,0.9841469886927235,4.962367882116706,4.208883970356726,4.352321831672147,14.516797511697185,20.971269607543945,3.7610933780670166,0.9839606055917184,5.0,4.256252322578166,4.413440100843988,14.537146278403164,20.961589813232425,3.761142253875733,0.9839493318646084,5.0,4.256539745599723,4.413707891024875,14.536880989144128,20.961631774902344,3.761789798736572,0.9839588638210004,5.0,4.256655228825794,4.413947397340599,14.53792673503144,20.96195411682129
77,dns2020_no_reverb_fileid_243.wav,2.2107396125793457,0.9128077177763896,3.352322141387076,3.1000631338723377,2.788677153541876,8.731092900250832,15.161112785339355,2.273200273513794,0.9158308984296823,3.430028316758756,3.1273761770199564,2.8588603973450097,8.691672751178524,15.217679977416992,2.3018176555633545,0.9159764483297016,3.396030126136256,3.141959198043772,2.857174435531055,8.671665198982987,15.216656684875488,2.2745769023895264,0.9158200063148954,3.4251798410193985,3.1280809090044537,2.857188410362322,8.690417233772624,15.217939376831056
78,dns2020_no_reverb_fileid_245.wav,2.83131742477417,0.9800810336102022,4.081974411054859,2.960083693621001,3.435994772912872,3.083064430363275,3.940632343292236,2.825772762298584,0.9801855724409748,4.07453244831662,2.9566364536464014,3.429172384127493,3.0844978544973176,3.943674087524414,2.824943780899048,0.9801752204472832,4.074275855504286,2.956210385512984,3.428623255373477,3.0841501309454937,3.9435555934906006,2.825068473815918,0.98018070889984,4.074015790105983,2.9563547306353586,3.4285856217311914,3.0842262658955635,3.943185329437256
79,dns2020_no_reverb_fileid_247.wav,3.321423292160034,0.9910077468104148,4.55720046326613,3.543376441148982,3.950002796990422,7.298538462177403,15.85108757019043,3.330134868621826,0.9910294588308092,4.570839674941919,3.5583613821268285,3.9652222239743193,7.292566612134219,15.852920532226562,3.33754301071167,0.9910297097495384,4.579581766041271,3.564811757635886,3.9743352330837216,7.293701896249169,15.852533340454102,3.3318662643432617,0.9910298732446884,4.573590119245635,3.559707438965848,3.967666847183312,7.291905327836047,15.852742195129396
80,dns2020_no_reverb_fileid_249.wav,3.923513412475586,0.991771326086688,5.0,4.481090276793742,4.631207938820372,16.23345299635452,20.63949203491211,3.9559733867645264,0.9916798673143342,5.0,4.497652180836641,4.655269950081706,16.218102882938073,20.63556861877441,3.956200838088989,0.9916739455997228,5.0,4.497845522976057,4.6556864526595945,16.21747686558471,20.63377571105957,3.956220388412476,0.9916804622266584,5.0,4.497945963395776,4.655899456777426,16.218069704373676,20.63530921936035
81,dns2020_no_reverb_fileid_250.wav,2.765997648239136,0.9628240862990124,4.161259812701555,3.40135727604953,3.469262356612252,9.402148861166337,17.2873592376709,2.8718154430389404,0.9629796028206962,4.244039944680285,3.4527676073226345,3.5651915232008897,9.357776072511722,17.28946876525879,2.875084161758423,0.9629577129455698,4.246421818580637,3.4543062766122405,3.568171590927493,9.351039633692364,17.28941535949707,2.867825508117676,0.9629811792839628,4.239796789952681,3.450181807992124,3.5606457713631494,9.365496335502218,17.28954315185547
82,dns2020_no_reverb_fileid_252.wav,1.9376206398010247,0.8950603115614622,3.367861100421252,2.5286769747665225,2.641135387193956,2.4984835479697765,9.420770645141602,2.043862581253052,0.8959805123479827,3.3633695030204867,2.5634006594741434,2.6946481901818338,2.151073528123061,9.412312507629396,2.041610717773437,0.8959874806757518,3.360060014463451,2.563323434765977,2.692194447919076,2.152390558283876,9.412420272827148,2.041321277618408,0.8959630413735813,3.371130542506534,2.56271576917538,2.697345365655827,2.154250510799889,9.412447929382324
83,dns2020_no_reverb_fileid_253.wav,1.958307266235352,0.8953134911374754,3.549854297846635,2.6967240282088047,2.750021807868124,4.661493229397789,5.405994415283203,2.003236770629883,0.8972096218796036,3.596438696981192,2.721517374556494,2.79718111067994,4.657200355516632,5.467967033386231,2.0013911724090576,0.8972671612580033,3.59329329981687,2.721520477693882,2.794899318781522,4.661770001762553,5.481846332550049,2.00277042388916,0.8972515684596581,3.5950510481851983,2.7218742571620416,2.7964196499704665,4.659156583808831,5.475586891174316
84,dns2020_no_reverb_fileid_255.wav,2.2669830322265625,0.9385470458007628,3.748693553575969,2.835684460170825,2.9933246378524854,5.032061568030395,11.433819770812988,2.3505725860595703,0.939076462395068,3.845747494998645,2.8699313574373324,3.0872564358285377,4.7902849923033175,11.436842918395996,2.349503517150879,0.9390654518007144,3.844310106629481,2.869715070969858,3.086246765074121,4.784152283644262,11.437114715576172,2.350959062576294,0.9390661735753656,3.8441040771534505,2.8693389257338704,3.086582693557608,4.78020408670573,11.43727684020996
85,dns2020_no_reverb_fileid_26.wav,3.870526075363159,0.9887401259413698,5.0,4.41056724061671,4.580676851051001,15.703829517196814,18.19492149353028,3.873216390609741,0.9888782371719418,5.0,4.412892977744394,4.5887623050205,15.686373277192908,18.19429588317871,3.875508546829224,0.9888792406522124,5.0,4.414037816717889,4.590695970008933,15.68644917117871,18.193872451782227,3.873220682144165,0.9888780589488314,5.0,4.412878013851834,4.588790071024381,15.686518157223889,18.19464111328125
86,dns2020_no_reverb_fileid_261.wav,3.207308292388916,0.9759038348696908,3.930827111675657,3.013213955813332,3.485213520796596,3.956742794877344,11.155773162841797,3.232849359512329,0.976023752337294,3.930398339287736,3.032318290184997,3.50044389926492,3.954007343348289,11.15491008758545,3.237969160079956,0.9760232271595064,3.934440751916896,3.035639904339375,3.505358186044101,3.953893554762209,11.154891967773438,3.233832359313965,0.9760231159389472,3.932532438540029,3.032992829640242,3.502077083129715,3.953954275800893,11.154889106750488
87,dns2020_no_reverb_fileid_264.wav,2.669668436050415,0.9644346276800876,3.964525432485119,3.455760162111135,3.325248129163057,10.885630463322691,15.898852348327637,2.783886909484864,0.965196765479258,4.087112702753115,3.514891386438063,3.446300760708251,10.85272890939186,15.90729808807373,2.791653871536255,0.9651703455908404,4.09155621948892,3.5203059753989216,3.452998803991762,10.854849488388062,15.909257888793944,2.78398060798645,0.9651967181947044,4.088127455456734,3.5149585053562307,3.4468651069274925,10.852549339399776,15.907455444335938
88,dns2020_no_reverb_fileid_268.wav,1.4571757316589355,0.7960190242593248,2.8276363380172707,2.1647249246223974,2.114692124638332,1.0291981835216146,3.807419538497925,1.5398838520050049,0.8004891978358507,2.864956889508217,2.1992465382219795,2.1767983388782373,0.871560412718572,3.834364652633667,1.5343010425567627,0.8001864334330064,2.862391777735572,2.196326636785272,2.172651870171549,0.8698191869083156,3.839054107666016,1.532668113708496,0.8001279127577967,2.861524816649687,2.195670717597165,2.171330294818226,0.8746888571305803,3.83732795715332
89,dns2020_no_reverb_fileid_271.wav,3.4692845344543457,0.9909123457568746,4.880130176780524,4.067348579938443,4.195927920630886,14.027539838382047,19.89606475830078,3.480156660079956,0.9909355511102528,4.893136038444849,4.0765251206313735,4.209576027104301,14.0163932946454,19.895055770874023,3.481977701187134,0.9909357344306194,4.895811952537195,4.077922904545135,4.212044324660315,14.015190406968028,19.895034790039062,3.481745719909668,0.9909367820015316,4.893895450711436,4.077103753911919,4.2107134584424,14.015409178782509,19.895301818847656
90,dns2020_no_reverb_fileid_274.wav,2.8744590282440186,0.9715007013557044,4.316231422580756,3.589630571130704,3.6083029020970927,11.252131339462382,16.072265625,3.008523941040039,0.9713681745182192,4.396302722094816,3.656387991727542,3.717571511838645,11.218385958348936,16.057132720947266,3.014975309371948,0.9713452173696902,4.398550745136467,3.659220088641977,3.7219984206478847,11.212160087239834,16.056867599487305,3.013630151748657,0.9713517432681024,4.399011139201305,3.658729304661086,3.721544455263629,11.214742804161222,16.057222366333008
91,dns2020_no_reverb_fileid_275.wav,2.437694787979126,0.9549347754903056,3.7919388562687497,3.1232053906053445,3.113593372879614,7.747804693325617,13.801271438598633,2.521456241607666,0.9549663701460188,3.8408088188728486,3.165725702971195,3.1830803799496734,7.660574281060053,13.806601524353027,2.5253891944885254,0.9550050855182878,3.847188994884041,3.1689277184019824,3.1887759794564503,7.657987423128364,13.807415962219238,2.524735689163208,0.9549840736664316,3.844337050719156,3.167738867683771,3.186690902523272,7.658880578154712,13.807491302490234
92,dns2020_no_reverb_fileid_277.wav,2.190976142883301,0.9178807962711834,3.479422733180455,2.973021608839733,2.8323802329786147,7.285653567673887,14.578310012817385,2.335559844970703,0.9213705765679888,3.5759630450817728,3.0433330480599348,2.9567385197985296,7.158741635485602,14.584532737731934,2.331181049346924,0.9212618740351698,3.5702456290907016,3.0439562732224066,2.952740363094069,7.155251674324641,14.584890365600586,2.336263656616211,0.9213713768422912,3.578226357877891,3.044317089271656,2.958465271994088,7.158218266338996,14.58469295501709
93,dns2020_no_reverb_fileid_280.wav,2.9979543685913086,0.9699062287370772,4.293210753493836,3.574643077640576,3.6595496155915073,10.062245270910203,13.898449897766112,3.05505633354187,0.9703876951846556,4.358180585754726,3.6018767783726453,3.72263081337882,9.976699077426986,13.900161743164062,3.0567471981048584,0.9703690965910828,4.3585710192215625,3.602855214426663,3.7237604738749455,9.975807034439018,13.899713516235352,3.05732798576355,0.9703859791910556,4.360891017913517,3.602933288038351,3.7251897112264674,9.97345050223965,13.90077018737793
94,dns2020_no_reverb_fileid_282.wav,3.239387989044189,0.979753345659552,4.57291394810079,3.947647434569997,3.922812680629921,14.055269681191453,18.215160369873047,3.32314682006836,0.9801434335454446,4.645030550912553,3.99110259570692,4.002270305839822,14.053167828774026,18.217426300048828,3.329474925994873,0.9801491840459898,4.650357393079396,3.995051982081917,4.008416614616637,14.054609780781618,18.21847152709961,3.3250880241394043,0.9801427759727654,4.646635634682011,3.992413440613188,4.004176663409015,14.053629950631644,18.21779060363769
95,dns2020_no_reverb_fileid_283.wav,3.008406639099121,0.9757770501470664,4.342721849915658,3.640733638713845,3.680391732210201,11.431664884207825,16.689035415649414,3.081001043319702,0.975974293399196,4.377944776502973,3.6860546864541712,3.738832075909533,11.412699276648144,16.69713592529297,3.069830179214477,0.9759623235463912,4.365020815417357,3.6834824738895255,3.727504970495981,11.423830897374902,16.69945526123047,3.0820586681365967,0.9759716288222592,4.378282196894036,3.686501824502786,3.739520251973344,11.412379228603012,16.69717025756836
96,dns2020_no_reverb_fileid_285.wav,2.98942494392395,0.9850687260573676,3.833228265160619,3.5298977663058264,3.431696435602273,9.181989328531987,16.645753860473633,3.04951286315918,0.9851967659099324,3.893483822561744,3.561291146611602,3.493082659097658,9.17757718836367,16.65089225769043,3.061680793762207,0.9852283217763153,3.8731948298731447,3.5693538891206407,3.4900219245136683,9.174018936494445,16.649837493896484,3.049518346786499,0.9851963761726747,3.893425911784017,3.5613194513834445,3.4930672097686686,9.177518000186527,16.650890350341797
97,dns2020_no_reverb_fileid_287.wav,3.621112585067749,0.986839475880847,4.995776851414369,4.211677591289613,4.342614043922721,14.616834506821316,20.17574691772461,3.652109861373901,0.9869961089435444,5.0,4.226709855257266,4.369478647562196,14.59504824973603,20.173900604248047,3.650522947311402,0.9869910625970776,5.0,4.225896784922063,4.368334718746354,14.594310491863707,20.17328453063965,3.652467727661133,0.986997958476213,5.0,4.226768806970192,4.369758745131258,14.594483257135224,20.174041748046875
98,dns2020_no_reverb_fileid_288.wav,2.93615460395813,0.972134874322806,4.436017447124106,3.2201101753423504,3.684488069415522,5.560607043258063,9.963048934936523,2.9893810749053955,0.9722425660963254,4.477900717987878,3.25546591740779,3.736028807791767,5.549510499115501,9.98202133178711,2.993997097015381,0.9722524341854032,4.482843664420062,3.2588613287164976,3.7412386692967634,5.549901399693167,9.986170768737791,2.991591215133667,0.9722471697713996,4.47966497450394,3.256902429738457,3.738162336380069,5.5493907307371,9.984365463256836
99,dns2020_no_reverb_fileid_289.wav,2.5568149089813232,0.967703576717533,4.119481953839957,3.225575011441304,3.355033272113604,7.662080944765055,10.392098426818848,2.6764965057373047,0.9680955994415906,4.212480359368465,3.286649487816164,3.4645970266366946,7.597647033436658,10.386869430541992,2.675437688827514,0.9680742297789032,4.210658673043625,3.2861238294825137,3.4631749574486994,7.596499091487232,10.38699722290039,2.6773030757904053,0.968090786773992,4.213801449768878,3.2872125455331425,3.4657999629311806,7.594370907143381,10.387030601501465
100,dns2020_no_reverb_fileid_290.wav,2.066737174987793,0.921242175475318,3.403293822697554,2.3192231719425864,2.670046507339205,0.5697733581415644,5.389339447021484,2.0938024520874023,0.9213881272520386,3.433777782404933,2.345906109600365,2.7038047130099465,0.5710448508097514,5.394784927368164,2.09383225440979,0.9213873118543828,3.432859258607479,2.3462296624323864,2.7034707899517856,0.5711935487500921,5.395280838012695,2.0934205055236816,0.9213840226438142,3.433204425542552,2.3457475158049603,2.7033337150726138,0.5711100952154148,5.39510440826416
101,dns2020_no_reverb_fileid_291.wav,2.7478485107421875,0.9618381989123944,4.028001557909524,3.205427596032797,3.348943168250516,8.405869045247702,14.284015655517578,2.7660224437713623,0.9625599552311856,4.044908182017723,3.214777808116603,3.367009637945892,8.395376375267265,14.28252124786377,2.766630172729492,0.9625587454546736,4.044714625057537,3.2152516004040668,3.367290360243476,8.395195178873992,14.28235912322998,2.7662792205810547,0.9625577430767684,4.044511736914094,3.214965205301389,3.366946849352188,8.396190877822244,14.28298568725586
102,dns2020_no_reverb_fileid_293.wav,3.285627841949463,0.9849919490074626,4.65841642844569,3.383077328010185,3.970498966669917,5.545175634905167,14.060248374938965,3.2509212493896484,0.9850346628063676,4.6585958565591,3.3783091061814146,3.958966663348722,5.472692624467525,14.063806533813477,3.2500662803649902,0.9850362142495755,4.657762184880142,3.376824328992673,3.957818017688656,5.468922147149237,14.062271118164062,3.249934196472168,0.9850348884375916,4.658709208110451,3.378347960762106,3.9587233482843938,5.4720433738259775,14.064702987670898
103,dns2020_no_reverb_fileid_296.wav,2.880140542984009,0.9642809761378216,4.002120770879949,3.509827652077438,3.4572038006793457,9.839912680394018,15.55404281616211,2.9396402835845947,0.9646382603566314,4.00448828172992,3.541233932356904,3.490571854157765,9.79248630344317,15.564132690429688,2.942625045776367,0.964637535615238,4.009865518196165,3.543293944399567,3.4950478749705085,9.789617569584856,15.56611442565918,2.939840078353882,0.9646356758962354,4.00679740697749,3.5415786425924365,3.491925021887167,9.791889548302116,15.564752578735352
104,dns2020_no_reverb_fileid_3.wav,3.4923222064971924,0.981859681686461,4.800147986279154,3.850487123920431,4.176245923984525,10.03681094012838,15.891901016235352,3.537585973739624,0.9819214981881788,4.821870094706981,3.870246166944442,4.211195035571338,9.950435424326669,15.877832412719728,3.531543731689453,0.9819204365256706,4.820028368326356,3.866512220578932,4.207463760985253,9.9266024530585,15.877910614013672,3.534755229949951,0.9819196570221136,4.820908888419948,3.8686917812400026,4.209401348130084,9.942217298254484,15.878186225891112
105,dns2020_no_reverb_fileid_300.wav,2.29191517829895,0.9542331937958692,3.493539567483915,2.7316675606280607,2.9018272423443183,2.184208177737525,8.986968040466309,2.386724710464477,0.9544636304161146,3.5231956278034056,2.774880566506749,2.965673386407229,2.097263236945687,8.9840669631958,2.3870346546173096,0.9544433787825674,3.5249968466537864,2.7748548551454864,2.9667492106248847,2.0934865975601764,8.983845710754395,2.388676166534424,0.9544510750226544,3.526349259059567,2.775681075352923,2.968282026953301,2.0927811765741766,8.983735084533691
106,dns2020_no_reverb_fileid_33.wav,3.169295072555542,0.9872097193097044,4.392285524471936,3.8484000239898912,3.792049483485044,13.253762455016588,20.630096435546875,3.2014875411987305,0.9872405961504308,4.4339825462891005,3.8850187120753,3.8364025670995767,13.266931709343934,20.63840103149414,3.200479984283448,0.9872305855751088,4.432603343201394,3.884187528060116,3.835062068645204,13.26779208287078,20.637184143066406,3.202045440673828,0.9872426860839548,4.434669746900175,3.885254253629204,3.837014396770616,13.266958324828936,20.63848304748535
107,dns2020_no_reverb_fileid_34.wav,2.814158201217652,0.9726029777692292,4.154898712924329,3.441065475408318,3.5009325521210712,9.203708290916213,15.497454643249512,2.8565173149108887,0.973218938224712,4.169256103810337,3.460796795587262,3.531110806931645,9.123054188902127,15.4984130859375,2.859625101089477,0.973216054927276,4.175014669246317,3.462702409955973,3.53594605338515,9.112070882973589,15.499593734741213,2.858190059661865,0.973215610537473,4.172314449854922,3.461859568587484,3.533667214153876,9.118861328469968,15.49919605255127
108,dns2020_no_reverb_fileid_35.wav,3.519404411315918,0.9937621944183151,4.821643549022601,4.012590902249442,4.190942758106453,12.830646272559054,19.85074043273925,3.538745403289795,0.993732434928234,4.818732332903422,4.023619780004547,4.200397329956673,12.808885088363477,19.828214645385746,3.541961431503296,0.9937336200012484,4.823007711535033,4.026767924885192,4.2047541058010784,12.807777240214278,19.82708168029785,3.5387816429138184,0.993732550930908,4.818387501302556,4.02319372242027,4.200070272522311,12.809503859887313,19.82898330688477
109,dns2020_no_reverb_fileid_37.wav,3.5308327674865723,0.9946788694546934,4.923893599303264,4.118603508522359,4.255067881432118,14.097219474639124,20.23967361450196,3.5479602813720703,0.9946481090304016,4.928085367221697,4.126538327297749,4.266010680005001,14.08403970805696,20.218250274658203,3.5489654541015625,0.9946483910183922,4.929627999954001,4.127365729964042,4.2674151097826005,14.083850389255591,20.217510223388672,3.548632860183716,0.9946485125256213,4.92885747609122,4.126638808620379,4.26665286828968,14.084127652201555,20.218563079833984
110,dns2020_no_reverb_fileid_38.wav,3.5975663661956787,0.9923554048209098,4.77399064901106,3.989978750614592,4.214102474793432,11.55258865020421,18.259321212768555,3.641179084777832,0.99244900734863,4.815681755922724,4.0190776650699735,4.25979534138848,11.554669376085926,18.258941650390625,3.648690938949585,0.9924485033278158,4.8211753178622745,4.022787384485718,4.266340725536131,11.55573403686092,18.2579288482666,3.641369819641113,0.9924507178314782,4.8158071731017245,4.0191194878984025,4.259933492572661,11.55479223664752,18.25896072387696
111,dns2020_no_reverb_fileid_4.wav,1.9848350286483765,0.9003417599047245,3.492737140708928,2.6730788523244744,2.731106544989208,4.256334730687793,4.317155361175537,2.041733980178833,0.9028972881121402,3.548487727019259,2.704110263133746,2.789776339232688,4.220346763125797,4.3788933753967285,2.0433013439178467,0.902873176540252,3.5504808298153274,2.7050793497872565,2.791631353410195,4.220671769373056,4.384357929229736,2.0421700477600098,0.9028882927097088,3.5497208460794267,2.704453989393602,2.7906486117962053,4.220797440381183,4.380568027496338
112,dns2020_no_reverb_fileid_42.wav,3.474846601486206,0.983342023882494,4.920275435302424,4.28326073358603,4.242439792713993,16.36707611201493,20.376758575439453,3.492318153381348,0.983382480503132,4.930139669241902,4.291345251486334,4.25629376902967,16.357407265105937,20.37143516540528,3.492900848388672,0.9833799226365448,4.930193193695233,4.291771534163567,4.25662329352551,16.35937138732521,20.370752334594727,3.4922804832458496,0.9833831534837713,4.930080400117076,4.291330066160663,4.256248730945541,16.35729895595962,20.37147331237793
113,dns2020_no_reverb_fileid_43.wav,2.202188014984131,0.9173902258725142,3.527468291978612,2.961636851002288,2.847175888824256,7.670716028259017,13.797624588012695,2.318211555480957,0.9197009126411404,3.672383221256168,3.0162808552628566,2.981526115409258,7.496651047408247,13.80332374572754,2.319476127624512,0.9196677887573196,3.672701299145407,3.017900646055196,2.982632284687234,7.499138153184818,13.803013801574709,2.3190550804138184,0.9197391821058768,3.6729812168288,3.0163251582901163,2.9821593995594653,7.494928822250011,13.803436279296877
114,dns2020_no_reverb_fileid_44.wav,2.591682910919189,0.9647782390205878,3.87292420188835,2.941795426174571,3.1933340063725844,5.388002463067088,14.582056045532228,2.617119073867798,0.9649614331999968,3.893831621783604,2.956189721831386,3.217868712492086,5.36676898860227,14.565348625183104,2.616671323776245,0.9649649901749272,3.894369153782268,2.956563993293716,3.218130621379173,5.366389921801535,14.565295219421388,2.617844820022583,0.9649561100596628,3.893280037835888,2.956481648067573,3.217931541363602,5.36718261799395,14.565653800964355
115,dns2020_no_reverb_fileid_45.wav,3.168520212173462,0.9772882042339168,4.523384985311536,3.830507905852528,3.867012208438591,12.529639060276391,18.00358772277832,3.238191843032837,0.9778336444194112,4.583593634894117,3.862269341923377,3.9325769340856938,12.486446506292436,18.001941680908203,3.239152431488037,0.9778310649245532,4.583856927775353,3.862984086006504,3.9333728205911616,12.48258083912897,18.001426696777344,3.238072872161865,0.9778306571926308,4.583798376638816,3.862145397205008,3.93261834432787,12.48539885180078,18.001853942871094
116,dns2020_no_reverb_fileid_47.wav,3.385893106460572,0.9727330754730534,4.834701352700065,4.08718476927803,4.142994261027363,14.45609390508467,19.164182662963867,3.421149492263794,0.972932458804196,4.85594686958263,4.10305646316458,4.171371967353778,14.44037829542723,19.18058586120605,3.4240710735321045,0.972937595708952,4.857966629707254,4.105120674820758,4.174138010638129,14.438385700295925,19.17931365966797,3.4215378761291504,0.9729380323619812,4.856242220747779,4.103202093724113,4.171691022555618,14.440801540935151,19.18169403076172
117,dns2020_no_reverb_fileid_48.wav,3.2090532779693604,0.9677644896949604,4.184858928617203,3.617120077796309,3.694969565407367,9.895490099256255,18.8908805847168,3.228989362716675,0.968509278502972,4.1740602363889465,3.63223699742285,3.702790931732028,9.84638746833066,18.89085578918457,3.242273569107056,0.9685056377019514,4.18735869066977,3.642774285552541,3.7177217663334456,9.842102128051154,18.890527725219727,3.2295682430267334,0.9685016088204584,4.179995537005071,3.632532203773892,3.706020722161225,9.847375255806227,18.890792846679688
118,dns2020_no_reverb_fileid_49.wav,3.468456268310547,0.9755388586179236,4.468639060958172,3.3738343471438315,3.939467534490985,5.285730718064102,16.995014190673828,3.537998676300049,0.976384773953307,4.519313700230956,3.409471335553844,4.000596393423149,5.288591227628396,17.002309799194336,3.539414644241333,0.9763781166274532,4.516629158956491,3.410170120577135,3.999981094324275,5.2887002139263375,17.002370834350586,3.538076877593994,0.9763864256929226,4.519262224884589,3.409531102947676,4.00061818388521,5.288597889116509,17.002357482910156
119,dns2020_no_reverb_fileid_5.wav,3.1936254501342773,0.9734905423182412,4.097638410948678,2.830568574800458,3.5747020239095866,0.5711446264623132,4.798147201538086,3.2008206844329834,0.9740487126836598,4.095231950600112,2.834294363418268,3.5772462584104425,0.5709211526197673,4.799614429473877,3.197648048400879,0.9739945131475568,4.091137260878132,2.8325201817408794,3.5735173190150564,0.5707733644869699,4.799480438232422,3.2009902000427246,0.9740627939474976,4.095108190531013,2.83430193737083,3.5772435591531058,0.5709324384722819,4.799694538116455
120,dns2020_no_reverb_fileid_50.wav,2.485927104949951,0.9733403932985132,3.652395265883261,2.6845721908738045,3.0024459361508966,3.330417037825074,3.630855083465576,2.50769305229187,0.9735058878644768,3.678045305235525,2.698741700502883,3.027594935728527,3.3287113813588376,3.630336284637451,2.504858016967773,0.97349195942988,3.674046935807109,2.6977811367237585,3.0243204836164903,3.3285150122917178,3.630253314971924,2.5072174072265625,0.9735015192937466,3.678241065186665,2.69861132254608,3.0274877241058977,3.328683653329108,3.630320072174072
121,dns2020_no_reverb_fileid_52.wav,3.7254371643066406,0.9892661206044948,5.0,4.285866017700691,4.398908757156111,15.234613869677686,18.88741683959961,3.736320734024048,0.9893844739776876,5.0,4.292044329984704,4.416730157228745,15.217124089525177,18.87466621398925,3.737224102020264,0.9893781184058624,5.0,4.292737154934731,4.417581550640055,15.219268433409104,18.874975204467773,3.735740423202514,0.9893841252528736,5.0,4.291647705129684,4.416313747443345,15.217057343006426,18.874719619750977
122,dns2020_no_reverb_fileid_53.wav,1.6700212955474854,0.8328517618545026,2.9191197492869234,2.234659969589321,2.266764435336119,0.5651841275923346,9.137468338012695,1.7775728702545166,0.8347052460128901,3.0404941016976386,2.2871272377186767,2.386783199562313,0.3477231715760468,9.146942138671877,1.774254560470581,0.8346308538783358,3.045859658890369,2.28654423505932,2.3886985887880083,0.3230555612416453,9.14949893951416,1.7772634029388428,0.8346123708146814,3.0410134309068666,2.2862296747393973,2.386809540176734,0.3391634923700043,9.147531509399414
123,dns2020_no_reverb_fileid_54.wav,3.599743366241455,0.9836324225134728,4.734707599056777,4.078844790563304,4.191453080914094,13.131806656959192,22.130661010742188,3.66324234008789,0.9839122672741178,4.769638892806129,4.109531241084257,4.241363777866384,13.116612918775052,22.130430221557617,3.665365934371948,0.9838923258883976,4.773989205898144,4.111600131200906,4.2450408648269855,13.11394709578088,22.130002975463867,3.663549900054932,0.9839103745884564,4.769867327506573,4.109725018930729,4.241647426888159,13.116708435818284,22.13045120239257
124,dns2020_no_reverb_fileid_57.wav,2.730947256088257,0.9515351445556176,4.22143244717589,3.1821218876197834,3.4848043733239984,6.042715916419719,13.784159660339355,2.756885290145874,0.9521048684731652,4.250446978053673,3.190369764427208,3.5136007834010976,5.921239523729233,13.768383026123049,2.7574381828308105,0.952077714577732,4.251917673623034,3.190381771011257,3.514760398785743,5.910685790244028,13.767009735107422,2.756993055343628,0.9520971385422888,4.250872726136482,3.190326927837636,3.5138695901641195,5.91962960479069,13.768146514892578
125,dns2020_no_reverb_fileid_58.wav,2.9730794429779053,0.958842887958187,4.280975331263553,3.152583480566768,3.620018283973116,4.471678759524793,13.615316390991213,2.99242901802063,0.958976683266266,4.333980839801563,3.164825190930494,3.6624707324115136,4.24127280107104,13.607513427734377,2.989201784133911,0.9589731144787929,4.331849789337796,3.163532604102147,3.660124553860628,4.230093617642903,13.60573387145996,2.9924142360687256,0.958966153862041,4.333565170889018,3.164777421457228,3.6621564525877086,4.245032217772393,13.607163429260254
126,dns2020_no_reverb_fileid_59.wav,1.8818747997283936,0.9208532220070164,3.4382077074121606,2.380966238847109,2.626137899886804,1.5395282725765873,4.960893630981445,1.907443046569824,0.9209159713705538,3.480639625181691,2.4071544884491654,2.6663804252176497,1.4872355251800224,5.001550674438477,1.9063982963562007,0.9208409613167672,3.483807179656776,2.4088271446978,2.668415958084821,1.478225538195924,5.015684127807617,1.9071052074432373,0.9208897161246292,3.479486629836363,2.407570571590771,2.665905325820253,1.4845428663439395,5.005589485168457
127,dns2020_no_reverb_fileid_6.wav,1.964327931404113,0.915533801178778,2.7223270444516707,2.787551308323513,2.337741386844099,6.214697729736713,15.143083572387695,1.959871768951416,0.9162817667890188,2.7845135831648333,2.783542955128431,2.367278498687712,6.147647512615642,15.144200325012209,1.9841344356536863,0.9162548032740526,2.825286065892908,2.805926610412264,2.404053660012457,6.132213203719762,15.144967079162598,1.9611332416534424,0.9162863671929622,2.7865554214000388,2.78428494370183,2.3689967738005406,6.146976121206702,15.144209861755373
128,dns2020_no_reverb_fileid_60.wav,3.8593108654022217,0.9933519978120492,5.0,4.068084883995958,4.52382269620815,11.082890849267546,17.76590347290039,3.8931405544281006,0.9933498360305564,5.0,4.100131743397163,4.568598118338698,11.073177809029808,17.758499145507812,3.89888048171997,0.9933507739254815,5.0,4.104164969525295,4.575066461946637,11.07284142316464,17.759550094604492,3.896024465560913,0.993350289240655,5.0,4.102417054742107,4.571937179289466,11.072536431588196,17.760217666625977
129,dns2020_no_reverb_fileid_63.wav,2.843578577041626,0.9645404246903434,4.017798069948745,3.11076640056021,3.393619905374189,6.114706284109988,14.694969177246094,2.897963285446167,0.9650827481070464,4.064299421025679,3.14079717176734,3.446011793253743,6.099806303312702,14.695024490356444,2.898856401443481,0.96509560313881,4.066200470841223,3.142346063540008,3.447790637250425,6.1007873788755695,14.697171211242676,2.8983473777771,0.965092015872699,4.064069267930499,3.1411042736112256,3.4461208395248137,6.100462101440402,14.69633960723877
130,dns2020_no_reverb_fileid_64.wav,4.178531169891357,0.9939837110837344,4.861846397817431,3.386690406620571,4.41612090533117,3.5193759917132983,5.439016819000244,4.164859294891357,0.9939190579283718,4.84391533692382,3.3793811645721044,4.400052600911267,3.517774112450431,5.438595294952393,4.1654372215271,0.9939184507767358,4.844401397745126,3.3796968171183024,4.4005983559999375,3.5178676478078827,5.438589096069336,4.164945602416992,0.993918218724058,4.843883469880146,3.3791626673350064,4.399985946228877,3.517809395896649,5.438618183135986
131,dns2020_no_reverb_fileid_66.wav,3.6352789402008057,0.9791920232711736,4.747485532321224,4.166939689588869,4.223721158445664,13.909547491790578,19.39290237426757,3.6348280906677246,0.9791383572068962,4.732822873453507,4.165696693960529,4.2160106342204005,13.901484017473193,19.38528823852539,3.6350417137146,0.9791265992143374,4.732137515874585,4.166608885592596,4.216082764892878,13.900892412917871,19.38566398620605,3.6348800659179688,0.9791376823066764,4.7317943343560005,4.16560117018297,4.215465266075355,13.902210050167383,19.385887145996094
132,dns2020_no_reverb_fileid_67.wav,1.9251611232757568,0.8842054087270887,3.3223579712484463,2.567549305121428,2.616385959054428,3.025730595971256,7.353653907775879,1.97853684425354,0.8878717437338107,3.352074662248116,2.5925533462835366,2.659099083683948,2.974724250464444,7.358896732330322,1.9141159057617188,0.8880256178251741,3.322679275895952,2.562254186198764,2.612275964355993,2.9678736141747297,7.364810943603516,1.9789263010025024,0.887900767968073,3.3565302480693378,2.5929601508885454,2.661608247776192,2.9740173914494985,7.359189033508301
133,dns2020_no_reverb_fileid_69.wav,3.7820987701416016,0.9778098454757173,4.989041197967593,4.207938623063315,4.412312427004623,13.699194128886871,22.45477294921875,3.806382417678833,0.9777849418999476,5.0,4.218710333810922,4.434752400951188,13.678493201242851,22.4536247253418,3.8061177730560303,0.977789781726266,5.0,4.219618687387524,4.435702566778566,13.676921569768174,22.45336532592773,3.805951595306397,0.97779016713399,5.0,4.218675814447876,4.434915338917337,13.678103252126922,22.453691482543945
134,dns2020_no_reverb_fileid_7.wav,3.791937351226807,0.9935325469094488,5.0,4.250206574094637,4.469124343248748,14.061198102901708,21.427583694458008,3.796640872955322,0.9935559981444247,5.0,4.25185333597809,4.470743459601117,14.026972592751804,21.41940116882324,3.796972513198853,0.9935564089002282,5.0,4.252259505816418,4.4711574902676485,14.024651366019512,21.4187240600586,3.7971620559692383,0.9935564703922948,5.0,4.251737739622278,4.470400122628812,14.02817641096158,21.4200496673584
135,dns2020_no_reverb_fileid_71.wav,3.137173652648926,0.9787366103142456,4.296526738555291,3.1665402777569485,3.688149720220776,4.438116633842446,16.440332412719727,3.140925168991089,0.978722265720908,4.309846416025096,3.17224450161302,3.698309332337058,4.428038229609465,16.42225456237793,3.142279624938965,0.9787232098307947,4.310798410910142,3.173086061287476,3.6995317228421545,4.428266691040432,16.423294067382812,3.1411406993865967,0.9787215699001804,4.305755230853622,3.171524971196276,3.696080220724146,4.428300617821564,16.425642013549805
136,dns2020_no_reverb_fileid_72.wav,2.6948299407958984,0.9763743459042812,4.09077974449251,3.4793654627243145,3.3990606177612297,11.144909798349016,14.848421096801758,2.703108310699463,0.9766595263667648,4.102300136193271,3.488124493837863,3.410789639339159,11.141096989270707,14.85214614868164,2.703742504119873,0.9766560114463771,4.103341257933864,3.4886715696451045,3.411722099697433,11.140819278653304,14.8521146774292,2.7026383876800537,0.9766531658802008,4.101992683851815,3.4879652975829014,3.4104148101999705,11.141455030787222,14.852302551269531
137,dns2020_no_reverb_fileid_73.wav,3.689045190811157,0.9919236676999954,4.79602452508567,4.134381225195361,4.27227378061894,13.10592511987078,17.728675842285156,3.690809488296509,0.991924200615118,4.78540539034868,4.140561984641846,4.2697536237301295,13.108136598948487,17.731525421142578,3.693973064422608,0.99192355043729,4.785484248745717,4.142612380492508,4.271599658055983,13.107457927552906,17.729768753051758,3.690416097640991,0.991924945201128,4.784537231892148,4.140320188471251,4.269107127623708,13.10798289011155,17.7318115234375
138,dns2020_no_reverb_fileid_76.wav,2.5379648208618164,0.9646201359378008,4.089584990559219,3.3490289858533906,3.3336689520147407,9.63118303127948,13.43958854675293,2.5680694580078125,0.965838213179065,4.119662846234523,3.361909068905556,3.363835864743929,9.607247916312389,13.437108039855955,2.567799568176269,0.9658273199850133,4.120390349395433,3.3623129331713493,3.36425476598259,9.607193888260577,13.437267303466797,2.567821264266968,0.9658471847473002,4.119993033571052,3.3618519704924044,3.3639003220020625,9.60710142880179,13.437148094177246
139,dns2020_no_reverb_fileid_77.wav,2.2450194358825684,0.9606504829401364,3.767319985179453,3.017782643294768,3.023498392841569,6.679410542549493,15.084973335266112,2.299179553985596,0.9615817964338218,3.819642611117092,3.043950582699804,3.078450613543557,6.614714025778761,15.08663272857666,2.300386428833008,0.9615564442732112,3.820503396343424,3.044669137835969,3.079586349760737,6.6126447133392015,15.08799171447754,2.298727512359619,0.961586041630344,3.818904764085604,3.043558263223175,3.0777666544828,6.615818512334648,15.085996627807615
140,dns2020_no_reverb_fileid_8.wav,2.691279888153076,0.9738234833667204,4.180055600661033,3.285738697919387,3.438933710841781,8.21979966624443,13.04421043395996,2.8194563388824463,0.9739363620629008,4.304448189844027,3.355431622239556,3.5693687464181743,8.185378939241769,13.0590238571167,2.826491594314575,0.9739420177936368,4.312330835625945,3.3603039598227973,3.5774807708893985,8.181260392175925,13.06233024597168,2.818683862686157,0.9739351510851862,4.304065191579338,3.3549061387502794,3.568721310314069,8.185841825341695,13.058701515197754
141,dns2020_no_reverb_fileid_80.wav,3.72819757461548,0.9939492392900124,4.951396907678592,4.190472594139764,4.367806190963093,13.76735753564814,21.75234031677246,3.761113166809082,0.9939594793938812,4.958139421710504,4.2042840326274975,4.387784866500694,13.73673264140535,21.73579406738281,3.764703512191773,0.9939599097335964,4.960995978744228,4.20606575881223,4.391147171116757,13.732134848398536,21.73551750183105,3.761289358139038,0.99395932966836,4.958318870706584,4.20433335790676,4.387950422526457,13.736738446010335,21.73583030700684
142,dns2020_no_reverb_fileid_81.wav,3.4769058227539062,0.9796289652397944,4.945734593645776,4.087119857762036,4.237259864094688,14.07027045557746,18.60791778564453,3.4854557514190674,0.9795730984187536,4.946306640626534,4.0900968190306655,4.241526289418759,14.06744017410042,18.612842559814453,3.4863409996032715,0.9795662615079576,4.947920613815033,4.091198876113537,4.243024486441633,14.067284897762631,18.6126651763916,3.485302448272705,0.97957776131134,4.946078064810787,4.089985253631911,4.24130614554225,14.068110102857268,18.613231658935547
143,dns2020_no_reverb_fileid_82.wav,2.5232670307159424,0.9664453368380188,4.111165108607552,3.4586002345400013,3.334231124576144,11.60324629128917,19.131723403930664,2.633505821228028,0.9671080589526404,4.195093646595375,3.5111503675328333,3.432527291399344,11.562669855484716,19.14242553710937,2.6391866207122803,0.9671171546914746,4.2017859931067765,3.514824895164204,3.4391185508537627,11.56058996152698,19.142969131469727,2.6343164443969727,0.967112451546384,4.195514552363093,3.51156133561768,3.433160075527257,11.562425117145867,19.142559051513672
144,dns2020_no_reverb_fileid_88.wav,3.437030553817749,0.9808014377759586,4.658705761916705,4.01293996937578,4.072498082371211,13.27506485567192,18.998943328857425,3.4494545459747314,0.981000130415782,4.668064573324314,4.018990440941239,4.084743341215568,13.218905802638105,18.99656105041504,3.447624683380127,0.9810017824608832,4.666486269809845,4.018416326797713,4.083216227039963,13.215648168966007,18.99646377563477,3.4501490592956543,0.9810005636610628,4.66866928534423,4.019308874621291,4.085379393502016,13.219375478734586,18.99657440185547
145,dns2020_no_reverb_fileid_89.wav,3.625199317932129,0.9851312162247506,4.677801127008975,3.47415847222592,4.124647604359588,5.602676950227222,10.641029357910156,3.619183301925659,0.9852602231579982,4.6760726210772745,3.4732395262923736,4.121533656299167,5.599194257070623,10.64720058441162,3.619077682495117,0.9852523222847188,4.674824110429942,3.473141606973788,4.120841090375362,5.599234843720429,10.647275924682615,3.619672775268554,0.9852634541596148,4.675800155674622,3.4732228474860323,4.121557189674327,5.599095699059179,10.647114753723145
146,dns2020_no_reverb_fileid_9.wav,3.63753604888916,0.9902347819181008,5.0,4.099317112806659,4.386076476855782,12.910128673046124,18.51847076416016,3.672675848007202,0.9902253243873694,5.0,4.117818449760074,4.420679717490925,12.873071590078142,18.50628662109375,3.675082445144653,0.9902256804220214,5.0,4.119024518857572,4.423026973676382,12.869409653649386,18.50771713256836,3.670260429382324,0.9902255984167464,5.0,4.1166767426361695,4.418658822631587,12.874821710549298,18.506248474121094
147,dns2020_no_reverb_fileid_90.wav,2.993002653121948,0.9719276193016751,4.352838014662165,3.4802714197051383,3.6965246663868254,8.169777012221507,13.9832124710083,3.021517515182495,0.9719884604473268,4.373820835647473,3.490628427044685,3.722070534431293,8.08669850108948,13.97185230255127,3.0239686965942383,0.9719798982628232,4.376787704494049,3.4910533606343623,3.724858047769235,8.071606129057898,13.971600532531738,3.022037506103516,0.971988001505863,4.374752678875244,3.490786104039063,3.722798511385701,8.08517922852719,13.971929550170898
148,dns2020_no_reverb_fileid_94.wav,3.097898244857788,0.9597745284485696,4.4431103904923015,3.752268531274508,3.7898023642694256,11.894331285629931,15.650522232055664,3.1856813430786133,0.9608340830069076,4.517878672162715,3.794572985723416,3.872995080579941,11.826530738404912,15.655499458312988,3.183126211166382,0.9608236324524948,4.515099245141545,3.793763496325848,3.870469477924691,11.826564679781638,15.655750274658203,3.1854562759399414,0.9608317117290456,4.518257011414163,3.794479367319093,3.873066711371423,11.826883178570052,15.65557861328125
149,dns2020_no_reverb_fileid_96.wav,3.130789995193481,0.9886413886202784,4.61000254132708,3.4594297155370075,3.8810958710917407,7.364706565192333,13.80685806274414,3.2341089248657227,0.9886378837925596,4.696348323846049,3.512608940853858,3.9795596500023183,7.278270875642952,13.807454109191896,3.2346889972686768,0.9886368706903949,4.696693301724495,3.5123653108611643,3.980002107024709,7.270976697169484,13.807619094848633,3.2343640327453613,0.9886372309643672,4.696815660866561,3.5128234709278554,3.979998654280252,7.276319318596261,13.807135581970217
