Backbone,Method,PESQ,STOI,C_sig,C_bak,C_ovl,SSNR,SISDR
StoRM-50,Source,2.6943703508377075,0.9653569817610615,4.091025747798741,3.4732525131143697,3.401531036161752,11.050487430405932,15.900231428146364
StoRM-50,Dynamic,2.713418128490448,0.9657441385069528,4.121364701557182,3.4715819290753704,3.423266015695733,11.001312972561111,16.07980819384257
GTCRN,Source,1.6986900854110718,0.8714245547455738,3.0304796276402035,2.7449649134527205,2.3436800424145456,8.138031119968861,8.94518816391627
GTCRN,Dynamic,1.936145977179209,0.9053151972705382,3.3222856422947458,2.831442613739632,2.6049852770690864,7.8762801954308195,9.543778008023898
FastEnhancer-B,Source,2.0701788600285846,0.9148446579005054,3.3169606938086824,3.0985601987355995,2.692156600046242,10.12476461610866,13.535157332420347
FastEnhancer-B,Dynamic,2.2717202432950336,0.927483829368928,3.593827079834207,3.135527641299031,2.9219668854375764,9.62535908336076,13.739978903929392
FlowSE,Source,2.3977370182673137,0.956348465973198,3.50779421764658,3.307610108166382,2.945587370883489,11.33299347082577,15.80890731414159
FlowSE,Dynamic,2.584976559480032,0.958083206954372,3.9228007411415806,3.4077892778170944,3.25445122189857,11.137897627171954,15.965461085637411
UL-UNAS,Source,2.57084069887797,0.9491630340233116,3.897407547636652,3.4537969124166588,3.2441497334349294,11.601713651333217,16.25785417238871
UL-UNAS,Dynamic,2.6845315019289653,0.9513136125610048,4.028725743169844,3.4868514214829567,3.364632478957745,11.348795322945977,16.27056527455648
