test_order,filename,utt_id,clean_path,noisy_path,clean_sample_rate,noisy_sample_rate,clean_channels,noisy_channels,clean_frames,noisy_frames
0,dns2020_no_reverb_fileid_0.wav,dns2020_no_reverb_fileid_0,data/dns2020_synthetic_official_20260818/no_reverb/clean/dns2020_no_reverb_fileid_0.wav,data/dns2020_synthetic_official_20260818/no_reverb/noisy/dns2020_no_reverb_fileid_0.wav,16000,16000,1,1,160000,160000
1,dns2020_no_reverb_fileid_101.wav,dns2020_no_reverb_fileid_101,data/dns2020_synthetic_official_20260818/no_reverb/clean/dns2020_no_reverb_fileid_101.wav,data/dns2020_synthetic_official_20260818/no_reverb/noisy/dns2020_no_reverb_fileid_101.wav,16000,16000,1,1,160000,160000
2,dns2020_no_reverb_fileid_102.wav,dns2020_no_reverb_fileid_102,data/dns2020_synthetic_official_20260818/no_reverb/clean/dns2020_no_reverb_fileid_102.wav,data/dns2020_synthetic_official_20260818/no_reverb/noisy/dns2020_no_reverb_fileid_102.wav,16000,16000,1,1,160000,160000
3,dns2020_no_reverb_fileid_104.wav,dns2020_no_reverb_fileid_104,data/dns2020_synthetic_official_20260818/no_reverb/clean/dns2020_no_reverb_fileid_104.wav,data/dns2020_synthetic_official_20260818/no_reverb/noisy/dns2020_no_reverb_fileid_104.wav,16000,16000,1,1,160000,160000
4,dns2020_no_reverb_fileid_105.wav,dns2020_no_reverb_fileid_105,data/dns2020_synthetic_official_20260818/no_reverb/clean/dns2020_no_reverb_fileid_105.wav,data/dns2020_synthetic_official_20260818/no_reverb/noisy/dns2020_no_reverb_fileid_105.wav,16000,16000,1,1,160000,160000
5,dns2020_no_reverb_fileid_107.wav,dns2020_no_reverb_fileid_107,data/dns2020_synthetic_official_20260818/no_reverb/clean/dns2020_no_reverb_fileid_107.wav,data/dns2020_synthetic_official_20260818/no_reverb/noisy/dns2020_no_reverb_fileid_107.wav,16000,16000,1,1,160000,160000
6,dns2020_no_reverb_fileid_110.wav,dns2020_no_reverb_fileid_110,data/dns2020_synthetic_official_20260818/no_reverb/clean/dns2020_no_reverb_fileid_110.wav,data/dns2020_synthetic_official_20260818/no_reverb/noisy/dns2020_no_reverb_fileid_110.wav,16000,16000,1,1,160000,160000
7,dns2020_no_reverb_fileid_112.wav,dns2020_no_reverb_fileid_112,data/dns2020_synthetic_official_20260818/no_reverb/clean/dns2020_no_reverb_fileid_112.wav,data/dns2020_synthetic_official_20260818/no_reverb/noisy/dns2020_no_reverb_fileid_112.wav,16000,16000,1,1,160000,160000
8,dns2020_no_reverb_fileid_113.wav,dns2020_no_reverb_fileid_113,data/dns2020_synthetic_official_20260818/no_reverb/clean/dns2020_no_reverb_fileid_113.wav,data/dns2020_synthetic_official_20260818/no_reverb/noisy/dns2020_no_reverb_fileid_113.wav,16000,16000,1,1,160000,160000
9,dns2020_no_reverb_fileid_116.wav,dns2020_no_reverb_fileid_116,data/dns2020_synthetic_official_20260818/no_reverb/clean/dns2020_no_reverb_fileid_116.wav,data/dns2020_synthetic_official_20260818/no_reverb/noisy/dns2020_no_reverb_fileid_116.wav,16000,16000,1,1,160000,160000
10,dns2020_no_reverb_fileid_117.wav,dns2020_no_reverb_fileid_117,data/dns2020_synthetic_official_20260818/no_reverb/clean/dns2020_no_reverb_fileid_117.wav,data/dns2020_synthetic_official_20260818/no_reverb/noisy/dns2020_no_reverb_fileid_117.wav,16000,16000,1,1,160000,160000
11,dns2020_no_reverb_fileid_118.wav,dns2020_no_reverb_fileid_118,data/dns2020_synthetic_official_20260818/no_reverb/clean/dns2020_no_reverb_fileid_118.wav,data/dns2020_synthetic_official_20260818/no_reverb/noisy/dns2020_no_reverb_fileid_118.wav,16000,16000,1,1,160000,160000
12,dns2020_no_reverb_fileid_125.wav,dns2020_no_reverb_fileid_125,data/dns2020_synthetic_official_20260818/no_reverb/clean/dns2020_no_reverb_fileid_125.wav,data/dns2020_synthetic_official_20260818/no_reverb/noisy/dns2020_no_reverb_fileid_125.wav,16000,16000,1,1,160000,160000
13,dns2020_no_reverb_fileid_127.wav,dns2020_no_reverb_fileid_127,data/dns2020_synthetic_official_20260818/no_reverb/clean/dns2020_no_reverb_fileid_127.wav,data/dns2020_synthetic_official_20260818/no_reverb/noisy/dns2020_no_reverb_fileid_127.wav,16000,16000,1,1,160000,160000
14,dns2020_no_reverb_fileid_130.wav,dns2020_no_reverb_fileid_130,data/dns2020_synthetic_official_20260818/no_reverb/clean/dns2020_no_reverb_fileid_130.wav,data/dns2020_synthetic_official_20260818/no_reverb/noisy/dns2020_no_reverb_fileid_130.wav,16000,16000,1,1,160000,160000
15,dns2020_no_reverb_fileid_132.wav,dns2020_no_reverb_fileid_132,data/dns2020_synthetic_official_20260818/no_reverb/clean/dns2020_no_reverb_fileid_132.wav,data/dns2020_synthetic_official_20260818/no_reverb/noisy/dns2020_no_reverb_fileid_132.wav,16000,16000,1,1,160000,160000
16,dns2020_no_reverb_fileid_133.wav,dns2020_no_reverb_fileid_133,data/dns2020_synthetic_official_20260818/no_reverb/clean/dns2020_no_reverb_fileid_133.wav,data/dns2020_synthetic_official_20260818/no_reverb/noisy/dns2020_no_reverb_fileid_133.wav,16000,16000,1,1,160000,160000
17,dns2020_no_reverb_fileid_134.wav,dns2020_no_reverb_fileid_134,data/dns2020_synthetic_official_20260818/no_reverb/clean/dns2020_no_reverb_fileid_134.wav,data/dns2020_synthetic_official_20260818/no_reverb/noisy/dns2020_no_reverb_fileid_134.wav,16000,16000,1,1,160000,160000
18,dns2020_no_reverb_fileid_136.wav,dns2020_no_reverb_fileid_136,data/dns2020_synthetic_official_20260818/no_reverb/clean/dns2020_no_reverb_fileid_136.wav,data/dns2020_synthetic_official_20260818/no_reverb/noisy/dns2020_no_reverb_fileid_136.wav,16000,16000,1,1,160000,160000
19,dns2020_no_reverb_fileid_137.wav,dns2020_no_reverb_fileid_137,data/dns2020_synthetic_official_20260818/no_reverb/clean/dns2020_no_reverb_fileid_137.wav,data/dns2020_synthetic_official_20260818/no_reverb/noisy/dns2020_no_reverb_fileid_137.wav,16000,16000,1,1,160000,160000
20,dns2020_no_reverb_fileid_139.wav,dns2020_no_reverb_fileid_139,data/dns2020_synthetic_official_20260818/no_reverb/clean/dns2020_no_reverb_fileid_139.wav,data/dns2020_synthetic_official_20260818/no_reverb/noisy/dns2020_no_reverb_fileid_139.wav,16000,16000,1,1,160000,160000
21,dns2020_no_reverb_fileid_14.wav,dns2020_no_reverb_fileid_14,data/dns2020_synthetic_official_20260818/no_reverb/clean/dns2020_no_reverb_fileid_14.wav,data/dns2020_synthetic_official_20260818/no_reverb/noisy/dns2020_no_reverb_fileid_14.wav,16000,16000,1,1,160000,160000
22,dns2020_no_reverb_fileid_142.wav,dns2020_no_reverb_fileid_142,data/dns2020_synthetic_official_20260818/no_reverb/clean/dns2020_no_reverb_fileid_142.wav,data/dns2020_synthetic_official_20260818/no_reverb/noisy/dns2020_no_reverb_fileid_142.wav,16000,16000,1,1,160000,160000
23,dns2020_no_reverb_fileid_143.wav,dns2020_no_reverb_fileid_143,data/dns2020_synthetic_official_20260818/no_reverb/clean/dns2020_no_reverb_fileid_143.wav,data/dns2020_synthetic_official_20260818/no_reverb/noisy/dns2020_no_reverb_fileid_143.wav,16000,16000,1,1,160000,160000
24,dns2020_no_reverb_fileid_145.wav,dns2020_no_reverb_fileid_145,data/dns2020_synthetic_official_20260818/no_reverb/clean/dns2020_no_reverb_fileid_145.wav,data/dns2020_synthetic_official_20260818/no_reverb/noisy/dns2020_no_reverb_fileid_145.wav,16000,16000,1,1,160000,160000
25,dns2020_no_reverb_fileid_146.wav,dns2020_no_reverb_fileid_146,data/dns2020_synthetic_official_20260818/no_reverb/clean/dns2020_no_reverb_fileid_146.wav,data/dns2020_synthetic_official_20260818/no_reverb/noisy/dns2020_no_reverb_fileid_146.wav,16000,16000,1,1,160000,160000
26,dns2020_no_reverb_fileid_147.wav,dns2020_no_reverb_fileid_147,data/dns2020_synthetic_official_20260818/no_reverb/clean/dns2020_no_reverb_fileid_147.wav,data/dns2020_synthetic_official_20260818/no_reverb/noisy/dns2020_no_reverb_fileid_147.wav,16000,16000,1,1,160000,160000
27,dns2020_no_reverb_fileid_149.wav,dns2020_no_reverb_fileid_149,data/dns2020_synthetic_official_20260818/no_reverb/clean/dns2020_no_reverb_fileid_149.wav,data/dns2020_synthetic_official_20260818/no_reverb/noisy/dns2020_no_reverb_fileid_149.wav,16000,16000,1,1,160000,160000
28,dns2020_no_reverb_fileid_150.wav,dns2020_no_reverb_fileid_150,data/dns2020_synthetic_official_20260818/no_reverb/clean/dns2020_no_reverb_fileid_150.wav,data/dns2020_synthetic_official_20260818/no_reverb/noisy/dns2020_no_reverb_fileid_150.wav,16000,16000,1,1,160000,160000
29,dns2020_no_reverb_fileid_152.wav,dns2020_no_reverb_fileid_152,data/dns2020_synthetic_official_20260818/no_reverb/clean/dns2020_no_reverb_fileid_152.wav,data/dns2020_synthetic_official_20260818/no_reverb/noisy/dns2020_no_reverb_fileid_152.wav,16000,16000,1,1,160000,160000
30,dns2020_no_reverb_fileid_155.wav,dns2020_no_reverb_fileid_155,data/dns2020_synthetic_official_20260818/no_reverb/clean/dns2020_no_reverb_fileid_155.wav,data/dns2020_synthetic_official_20260818/no_reverb/noisy/dns2020_no_reverb_fileid_155.wav,16000,16000,1,1,160000,160000
31,dns2020_no_reverb_fileid_156.wav,dns2020_no_reverb_fileid_156,data/dns2020_synthetic_official_20260818/no_reverb/clean/dns2020_no_reverb_fileid_156.wav,data/dns2020_synthetic_official_20260818/no_reverb/noisy/dns2020_no_reverb_fileid_156.wav,16000,16000,1,1,160000,160000
32,dns2020_no_reverb_fileid_158.wav,dns2020_no_reverb_fileid_158,data/dns2020_synthetic_official_20260818/no_reverb/clean/dns2020_no_reverb_fileid_158.wav,data/dns2020_synthetic_official_20260818/no_reverb/noisy/dns2020_no_reverb_fileid_158.wav,16000,16000,1,1,160000,160000
33,dns2020_no_reverb_fileid_16.wav,dns2020_no_reverb_fileid_16,data/dns2020_synthetic_official_20260818/no_reverb/clean/dns2020_no_reverb_fileid_16.wav,data/dns2020_synthetic_official_20260818/no_reverb/noisy/dns2020_no_reverb_fileid_16.wav,16000,16000,1,1,160000,160000
34,dns2020_no_reverb_fileid_161.wav,dns2020_no_reverb_fileid_161,data/dns2020_synthetic_official_20260818/no_reverb/clean/dns2020_no_reverb_fileid_161.wav,data/dns2020_synthetic_official_20260818/no_reverb/noisy/dns2020_no_reverb_fileid_161.wav,16000,16000,1,1,160000,160000
35,dns2020_no_reverb_fileid_163.wav,dns2020_no_reverb_fileid_163,data/dns2020_synthetic_official_20260818/no_reverb/clean/dns2020_no_reverb_fileid_163.wav,data/dns2020_synthetic_official_20260818/no_reverb/noisy/dns2020_no_reverb_fileid_163.wav,16000,16000,1,1,160000,160000
36,dns2020_no_reverb_fileid_165.wav,dns2020_no_reverb_fileid_165,data/dns2020_synthetic_official_20260818/no_reverb/clean/dns2020_no_reverb_fileid_165.wav,data/dns2020_synthetic_official_20260818/no_reverb/noisy/dns2020_no_reverb_fileid_165.wav,16000,16000,1,1,160000,160000
37,dns2020_no_reverb_fileid_166.wav,dns2020_no_reverb_fileid_166,data/dns2020_synthetic_official_20260818/no_reverb/clean/dns2020_no_reverb_fileid_166.wav,data/dns2020_synthetic_official_20260818/no_reverb/noisy/dns2020_no_reverb_fileid_166.wav,16000,16000,1,1,160000,160000
38,dns2020_no_reverb_fileid_167.wav,dns2020_no_reverb_fileid_167,data/dns2020_synthetic_official_20260818/no_reverb/clean/dns2020_no_reverb_fileid_167.wav,data/dns2020_synthetic_official_20260818/no_reverb/noisy/dns2020_no_reverb_fileid_167.wav,16000,16000,1,1,160000,160000
39,dns2020_no_reverb_fileid_169.wav,dns2020_no_reverb_fileid_169,data/dns2020_synthetic_official_20260818/no_reverb/clean/dns2020_no_reverb_fileid_169.wav,data/dns2020_synthetic_official_20260818/no_reverb/noisy/dns2020_no_reverb_fileid_169.wav,16000,16000,1,1,160000,160000
40,dns2020_no_reverb_fileid_17.wav,dns2020_no_reverb_fileid_17,data/dns2020_synthetic_official_20260818/no_reverb/clean/dns2020_no_reverb_fileid_17.wav,data/dns2020_synthetic_official_20260818/no_reverb/noisy/dns2020_no_reverb_fileid_17.wav,16000,16000,1,1,160000,160000
41,dns2020_no_reverb_fileid_170.wav,dns2020_no_reverb_fileid_170,data/dns2020_synthetic_official_20260818/no_reverb/clean/dns2020_no_reverb_fileid_170.wav,data/dns2020_synthetic_official_20260818/no_reverb/noisy/dns2020_no_reverb_fileid_170.wav,16000,16000,1,1,160000,160000
42,dns2020_no_reverb_fileid_173.wav,dns2020_no_reverb_fileid_173,data/dns2020_synthetic_official_20260818/no_reverb/clean/dns2020_no_reverb_fileid_173.wav,data/dns2020_synthetic_official_20260818/no_reverb/noisy/dns2020_no_reverb_fileid_173.wav,16000,16000,1,1,160000,160000
43,dns2020_no_reverb_fileid_175.wav,dns2020_no_reverb_fileid_175,data/dns2020_synthetic_official_20260818/no_reverb/clean/dns2020_no_reverb_fileid_175.wav,data/dns2020_synthetic_official_20260818/no_reverb/noisy/dns2020_no_reverb_fileid_175.wav,16000,16000,1,1,160000,160000
44,dns2020_no_reverb_fileid_176.wav,dns2020_no_reverb_fileid_176,data/dns2020_synthetic_official_20260818/no_reverb/clean/dns2020_no_reverb_fileid_176.wav,data/dns2020_synthetic_official_20260818/no_reverb/noisy/dns2020_no_reverb_fileid_176.wav,16000,16000,1,1,160000,160000
45,dns2020_no_reverb_fileid_178.wav,dns2020_no_reverb_fileid_178,data/dns2020_synthetic_official_20260818/no_reverb/clean/dns2020_no_reverb_fileid_178.wav,data/dns2020_synthetic_official_20260818/no_reverb/noisy/dns2020_no_reverb_fileid_178.wav,16000,16000,1,1,160000,160000
46,dns2020_no_reverb_fileid_180.wav,dns2020_no_reverb_fileid_180,data/dns2020_synthetic_official_20260818/no_reverb/clean/dns2020_no_reverb_fileid_180.wav,data/dns2020_synthetic_official_20260818/no_reverb/noisy/dns2020_no_reverb_fileid_180.wav,16000,16000,1,1,160000,160000
47,dns2020_no_reverb_fileid_181.wav,dns2020_no_reverb_fileid_181,data/dns2020_synthetic_official_20260818/no_reverb/clean/dns2020_no_reverb_fileid_181.wav,data/dns2020_synthetic_official_20260818/no_reverb/noisy/dns2020_no_reverb_fileid_181.wav,16000,16000,1,1,160000,160000
48,dns2020_no_reverb_fileid_19.wav,dns2020_no_reverb_fileid_19,data/dns2020_synthetic_official_20260818/no_reverb/clean/dns2020_no_reverb_fileid_19.wav,data/dns2020_synthetic_official_20260818/no_reverb/noisy/dns2020_no_reverb_fileid_19.wav,16000,16000,1,1,160000,160000
49,dns2020_no_reverb_fileid_191.wav,dns2020_no_reverb_fileid_191,data/dns2020_synthetic_official_20260818/no_reverb/clean/dns2020_no_reverb_fileid_191.wav,data/dns2020_synthetic_official_20260818/no_reverb/noisy/dns2020_no_reverb_fileid_191.wav,16000,16000,1,1,160000,160000
50,dns2020_no_reverb_fileid_192.wav,dns2020_no_reverb_fileid_192,data/dns2020_synthetic_official_20260818/no_reverb/clean/dns2020_no_reverb_fileid_192.wav,data/dns2020_synthetic_official_20260818/no_reverb/noisy/dns2020_no_reverb_fileid_192.wav,16000,16000,1,1,160000,160000
51,dns2020_no_reverb_fileid_197.wav,dns2020_no_reverb_fileid_197,data/dns2020_synthetic_official_20260818/no_reverb/clean/dns2020_no_reverb_fileid_197.wav,data/dns2020_synthetic_official_20260818/no_reverb/noisy/dns2020_no_reverb_fileid_197.wav,16000,16000,1,1,160000,160000
52,dns2020_no_reverb_fileid_199.wav,dns2020_no_reverb_fileid_199,data/dns2020_synthetic_official_20260818/no_reverb/clean/dns2020_no_reverb_fileid_199.wav,data/dns2020_synthetic_official_20260818/no_reverb/noisy/dns2020_no_reverb_fileid_199.wav,16000,16000,1,1,160000,160000
53,dns2020_no_reverb_fileid_2.wav,dns2020_no_reverb_fileid_2,data/dns2020_synthetic_official_20260818/no_reverb/clean/dns2020_no_reverb_fileid_2.wav,data/dns2020_synthetic_official_20260818/no_reverb/noisy/dns2020_no_reverb_fileid_2.wav,16000,16000,1,1,160000,160000
54,dns2020_no_reverb_fileid_20.wav,dns2020_no_reverb_fileid_20,data/dns2020_synthetic_official_20260818/no_reverb/clean/dns2020_no_reverb_fileid_20.wav,data/dns2020_synthetic_official_20260818/no_reverb/noisy/dns2020_no_reverb_fileid_20.wav,16000,16000,1,1,160000,160000
55,dns2020_no_reverb_fileid_200.wav,dns2020_no_reverb_fileid_200,data/dns2020_synthetic_official_20260818/no_reverb/clean/dns2020_no_reverb_fileid_200.wav,data/dns2020_synthetic_official_20260818/no_reverb/noisy/dns2020_no_reverb_fileid_200.wav,16000,16000,1,1,160000,160000
56,dns2020_no_reverb_fileid_201.wav,dns2020_no_reverb_fileid_201,data/dns2020_synthetic_official_20260818/no_reverb/clean/dns2020_no_reverb_fileid_201.wav,data/dns2020_synthetic_official_20260818/no_reverb/noisy/dns2020_no_reverb_fileid_201.wav,16000,16000,1,1,160000,160000
57,dns2020_no_reverb_fileid_205.wav,dns2020_no_reverb_fileid_205,data/dns2020_synthetic_official_20260818/no_reverb/clean/dns2020_no_reverb_fileid_205.wav,data/dns2020_synthetic_official_20260818/no_reverb/noisy/dns2020_no_reverb_fileid_205.wav,16000,16000,1,1,160000,160000
58,dns2020_no_reverb_fileid_206.wav,dns2020_no_reverb_fileid_206,data/dns2020_synthetic_official_20260818/no_reverb/clean/dns2020_no_reverb_fileid_206.wav,data/dns2020_synthetic_official_20260818/no_reverb/noisy/dns2020_no_reverb_fileid_206.wav,16000,16000,1,1,160000,160000
59,dns2020_no_reverb_fileid_207.wav,dns2020_no_reverb_fileid_207,data/dns2020_synthetic_official_20260818/no_reverb/clean/dns2020_no_reverb_fileid_207.wav,data/dns2020_synthetic_official_20260818/no_reverb/noisy/dns2020_no_reverb_fileid_207.wav,16000,16000,1,1,160000,160000
60,dns2020_no_reverb_fileid_208.wav,dns2020_no_reverb_fileid_208,data/dns2020_synthetic_official_20260818/no_reverb/clean/dns2020_no_reverb_fileid_208.wav,data/dns2020_synthetic_official_20260818/no_reverb/noisy/dns2020_no_reverb_fileid_208.wav,16000,16000,1,1,160000,160000
61,dns2020_no_reverb_fileid_21.wav,dns2020_no_reverb_fileid_21,data/dns2020_synthetic_official_20260818/no_reverb/clean/dns2020_no_reverb_fileid_21.wav,data/dns2020_synthetic_official_20260818/no_reverb/noisy/dns2020_no_reverb_fileid_21.wav,16000,16000,1,1,160000,160000
62,dns2020_no_reverb_fileid_210.wav,dns2020_no_reverb_fileid_210,data/dns2020_synthetic_official_20260818/no_reverb/clean/dns2020_no_reverb_fileid_210.wav,data/dns2020_synthetic_official_20260818/no_reverb/noisy/dns2020_no_reverb_fileid_210.wav,16000,16000,1,1,160000,160000
63,dns2020_no_reverb_fileid_213.wav,dns2020_no_reverb_fileid_213,data/dns2020_synthetic_official_20260818/no_reverb/clean/dns2020_no_reverb_fileid_213.wav,data/dns2020_synthetic_official_20260818/no_reverb/noisy/dns2020_no_reverb_fileid_213.wav,16000,16000,1,1,160000,160000
64,dns2020_no_reverb_fileid_214.wav,dns2020_no_reverb_fileid_214,data/dns2020_synthetic_official_20260818/no_reverb/clean/dns2020_no_reverb_fileid_214.wav,data/dns2020_synthetic_official_20260818/no_reverb/noisy/dns2020_no_reverb_fileid_214.wav,16000,16000,1,1,160000,160000
65,dns2020_no_reverb_fileid_218.wav,dns2020_no_reverb_fileid_218,data/dns2020_synthetic_official_20260818/no_reverb/clean/dns2020_no_reverb_fileid_218.wav,data/dns2020_synthetic_official_20260818/no_reverb/noisy/dns2020_no_reverb_fileid_218.wav,16000,16000,1,1,160000,160000
66,dns2020_no_reverb_fileid_220.wav,dns2020_no_reverb_fileid_220,data/dns2020_synthetic_official_20260818/no_reverb/clean/dns2020_no_reverb_fileid_220.wav,data/dns2020_synthetic_official_20260818/no_reverb/noisy/dns2020_no_reverb_fileid_220.wav,16000,16000,1,1,160000,160000
67,dns2020_no_reverb_fileid_221.wav,dns2020_no_reverb_fileid_221,data/dns2020_synthetic_official_20260818/no_reverb/clean/dns2020_no_reverb_fileid_221.wav,data/dns2020_synthetic_official_20260818/no_reverb/noisy/dns2020_no_reverb_fileid_221.wav,16000,16000,1,1,160000,160000
68,dns2020_no_reverb_fileid_223.wav,dns2020_no_reverb_fileid_223,data/dns2020_synthetic_official_20260818/no_reverb/clean/dns2020_no_reverb_fileid_223.wav,data/dns2020_synthetic_official_20260818/no_reverb/noisy/dns2020_no_reverb_fileid_223.wav,16000,16000,1,1,160000,160000
69,dns2020_no_reverb_fileid_228.wav,dns2020_no_reverb_fileid_228,data/dns2020_synthetic_official_20260818/no_reverb/clean/dns2020_no_reverb_fileid_228.wav,data/dns2020_synthetic_official_20260818/no_reverb/noisy/dns2020_no_reverb_fileid_228.wav,16000,16000,1,1,160000,160000
70,dns2020_no_reverb_fileid_229.wav,dns2020_no_reverb_fileid_229,data/dns2020_synthetic_official_20260818/no_reverb/clean/dns2020_no_reverb_fileid_229.wav,data/dns2020_synthetic_official_20260818/no_reverb/noisy/dns2020_no_reverb_fileid_229.wav,16000,16000,1,1,160000,160000
71,dns2020_no_reverb_fileid_23.wav,dns2020_no_reverb_fileid_23,data/dns2020_synthetic_official_20260818/no_reverb/clean/dns2020_no_reverb_fileid_23.wav,data/dns2020_synthetic_official_20260818/no_reverb/noisy/dns2020_no_reverb_fileid_23.wav,16000,16000,1,1,160000,160000
72,dns2020_no_reverb_fileid_231.wav,dns2020_no_reverb_fileid_231,data/dns2020_synthetic_official_20260818/no_reverb/clean/dns2020_no_reverb_fileid_231.wav,data/dns2020_synthetic_official_20260818/no_reverb/noisy/dns2020_no_reverb_fileid_231.wav,16000,16000,1,1,160000,160000
73,dns2020_no_reverb_fileid_232.wav,dns2020_no_reverb_fileid_232,data/dns2020_synthetic_official_20260818/no_reverb/clean/dns2020_no_reverb_fileid_232.wav,data/dns2020_synthetic_official_20260818/no_reverb/noisy/dns2020_no_reverb_fileid_232.wav,16000,16000,1,1,160000,160000
74,dns2020_no_reverb_fileid_234.wav,dns2020_no_reverb_fileid_234,data/dns2020_synthetic_official_20260818/no_reverb/clean/dns2020_no_reverb_fileid_234.wav,data/dns2020_synthetic_official_20260818/no_reverb/noisy/dns2020_no_reverb_fileid_234.wav,16000,16000,1,1,160000,160000
75,dns2020_no_reverb_fileid_238.wav,dns2020_no_reverb_fileid_238,data/dns2020_synthetic_official_20260818/no_reverb/clean/dns2020_no_reverb_fileid_238.wav,data/dns2020_synthetic_official_20260818/no_reverb/noisy/dns2020_no_reverb_fileid_238.wav,16000,16000,1,1,160000,160000
76,dns2020_no_reverb_fileid_241.wav,dns2020_no_reverb_fileid_241,data/dns2020_synthetic_official_20260818/no_reverb/clean/dns2020_no_reverb_fileid_241.wav,data/dns2020_synthetic_official_20260818/no_reverb/noisy/dns2020_no_reverb_fileid_241.wav,16000,16000,1,1,160000,160000
77,dns2020_no_reverb_fileid_243.wav,dns2020_no_reverb_fileid_243,data/dns2020_synthetic_official_20260818/no_reverb/clean/dns2020_no_reverb_fileid_243.wav,data/dns2020_synthetic_official_20260818/no_reverb/noisy/dns2020_no_reverb_fileid_243.wav,16000,16000,1,1,160000,160000
78,dns2020_no_reverb_fileid_245.wav,dns2020_no_reverb_fileid_245,data/dns2020_synthetic_official_20260818/no_reverb/clean/dns2020_no_reverb_fileid_245.wav,data/dns2020_synthetic_official_20260818/no_reverb/noisy/dns2020_no_reverb_fileid_245.wav,16000,16000,1,1,160000,160000
79,dns2020_no_reverb_fileid_247.wav,dns2020_no_reverb_fileid_247,data/dns2020_synthetic_official_20260818/no_reverb/clean/dns2020_no_reverb_fileid_247.wav,data/dns2020_synthetic_official_20260818/no_reverb/noisy/dns2020_no_reverb_fileid_247.wav,16000,16000,1,1,160000,160000
80,dns2020_no_reverb_fileid_249.wav,dns2020_no_reverb_fileid_249,data/dns2020_synthetic_official_20260818/no_reverb/clean/dns2020_no_reverb_fileid_249.wav,data/dns2020_synthetic_official_20260818/no_reverb/noisy/dns2020_no_reverb_fileid_249.wav,16000,16000,1,1,160000,160000
81,dns2020_no_reverb_fileid_250.wav,dns2020_no_reverb_fileid_250,data/dns2020_synthetic_official_20260818/no_reverb/clean/dns2020_no_reverb_fileid_250.wav,data/dns2020_synthetic_official_20260818/no_reverb/noisy/dns2020_no_reverb_fileid_250.wav,16000,16000,1,1,160000,160000
82,dns2020_no_reverb_fileid_252.wav,dns2020_no_reverb_fileid_252,data/dns2020_synthetic_official_20260818/no_reverb/clean/dns2020_no_reverb_fileid_252.wav,data/dns2020_synthetic_official_20260818/no_reverb/noisy/dns2020_no_reverb_fileid_252.wav,16000,16000,1,1,160000,160000
83,dns2020_no_reverb_fileid_253.wav,dns2020_no_reverb_fileid_253,data/dns2020_synthetic_official_20260818/no_reverb/clean/dns2020_no_reverb_fileid_253.wav,data/dns2020_synthetic_official_20260818/no_reverb/noisy/dns2020_no_reverb_fileid_253.wav,16000,16000,1,1,160000,160000
84,dns2020_no_reverb_fileid_255.wav,dns2020_no_reverb_fileid_255,data/dns2020_synthetic_official_20260818/no_reverb/clean/dns2020_no_reverb_fileid_255.wav,data/dns2020_synthetic_official_20260818/no_reverb/noisy/dns2020_no_reverb_fileid_255.wav,16000,16000,1,1,160000,160000
85,dns2020_no_reverb_fileid_26.wav,dns2020_no_reverb_fileid_26,data/dns2020_synthetic_official_20260818/no_reverb/clean/dns2020_no_reverb_fileid_26.wav,data/dns2020_synthetic_official_20260818/no_reverb/noisy/dns2020_no_reverb_fileid_26.wav,16000,16000,1,1,160000,160000
86,dns2020_no_reverb_fileid_261.wav,dns2020_no_reverb_fileid_261,data/dns2020_synthetic_official_20260818/no_reverb/clean/dns2020_no_reverb_fileid_261.wav,data/dns2020_synthetic_official_20260818/no_reverb/noisy/dns2020_no_reverb_fileid_261.wav,16000,16000,1,1,160000,160000
87,dns2020_no_reverb_fileid_264.wav,dns2020_no_reverb_fileid_264,data/dns2020_synthetic_official_20260818/no_reverb/clean/dns2020_no_reverb_fileid_264.wav,data/dns2020_synthetic_official_20260818/no_reverb/noisy/dns2020_no_reverb_fileid_264.wav,16000,16000,1,1,160000,160000
88,dns2020_no_reverb_fileid_268.wav,dns2020_no_reverb_fileid_268,data/dns2020_synthetic_official_20260818/no_reverb/clean/dns2020_no_reverb_fileid_268.wav,data/dns2020_synthetic_official_20260818/no_reverb/noisy/dns2020_no_reverb_fileid_268.wav,16000,16000,1,1,160000,160000
89,dns2020_no_reverb_fileid_271.wav,dns2020_no_reverb_fileid_271,data/dns2020_synthetic_official_20260818/no_reverb/clean/dns2020_no_reverb_fileid_271.wav,data/dns2020_synthetic_official_20260818/no_reverb/noisy/dns2020_no_reverb_fileid_271.wav,16000,16000,1,1,160000,160000
90,dns2020_no_reverb_fileid_274.wav,dns2020_no_reverb_fileid_274,data/dns2020_synthetic_official_20260818/no_reverb/clean/dns2020_no_reverb_fileid_274.wav,data/dns2020_synthetic_official_20260818/no_reverb/noisy/dns2020_no_reverb_fileid_274.wav,16000,16000,1,1,160000,160000
91,dns2020_no_reverb_fileid_275.wav,dns2020_no_reverb_fileid_275,data/dns2020_synthetic_official_20260818/no_reverb/clean/dns2020_no_reverb_fileid_275.wav,data/dns2020_synthetic_official_20260818/no_reverb/noisy/dns2020_no_reverb_fileid_275.wav,16000,16000,1,1,160000,160000
92,dns2020_no_reverb_fileid_277.wav,dns2020_no_reverb_fileid_277,data/dns2020_synthetic_official_20260818/no_reverb/clean/dns2020_no_reverb_fileid_277.wav,data/dns2020_synthetic_official_20260818/no_reverb/noisy/dns2020_no_reverb_fileid_277.wav,16000,16000,1,1,160000,160000
93,dns2020_no_reverb_fileid_280.wav,dns2020_no_reverb_fileid_280,data/dns2020_synthetic_official_20260818/no_reverb/clean/dns2020_no_reverb_fileid_280.wav,data/dns2020_synthetic_official_20260818/no_reverb/noisy/dns2020_no_reverb_fileid_280.wav,16000,16000,1,1,160000,160000
94,dns2020_no_reverb_fileid_282.wav,dns2020_no_reverb_fileid_282,data/dns2020_synthetic_official_20260818/no_reverb/clean/dns2020_no_reverb_fileid_282.wav,data/dns2020_synthetic_official_20260818/no_reverb/noisy/dns2020_no_reverb_fileid_282.wav,16000,16000,1,1,160000,160000
95,dns2020_no_reverb_fileid_283.wav,dns2020_no_reverb_fileid_283,data/dns2020_synthetic_official_20260818/no_reverb/clean/dns2020_no_reverb_fileid_283.wav,data/dns2020_synthetic_official_20260818/no_reverb/noisy/dns2020_no_reverb_fileid_283.wav,16000,16000,1,1,160000,160000
96,dns2020_no_reverb_fileid_285.wav,dns2020_no_reverb_fileid_285,data/dns2020_synthetic_official_20260818/no_reverb/clean/dns2020_no_reverb_fileid_285.wav,data/dns2020_synthetic_official_20260818/no_reverb/noisy/dns2020_no_reverb_fileid_285.wav,16000,16000,1,1,160000,160000
97,dns2020_no_reverb_fileid_287.wav,dns2020_no_reverb_fileid_287,data/dns2020_synthetic_official_20260818/no_reverb/clean/dns2020_no_reverb_fileid_287.wav,data/dns2020_synthetic_official_20260818/no_reverb/noisy/dns2020_no_reverb_fileid_287.wav,16000,16000,1,1,160000,160000
98,dns2020_no_reverb_fileid_288.wav,dns2020_no_reverb_fileid_288,data/dns2020_synthetic_official_20260818/no_reverb/clean/dns2020_no_reverb_fileid_288.wav,data/dns2020_synthetic_official_20260818/no_reverb/noisy/dns2020_no_reverb_fileid_288.wav,16000,16000,1,1,160000,160000
99,dns2020_no_reverb_fileid_289.wav,dns2020_no_reverb_fileid_289,data/dns2020_synthetic_official_20260818/no_reverb/clean/dns2020_no_reverb_fileid_289.wav,data/dns2020_synthetic_official_20260818/no_reverb/noisy/dns2020_no_reverb_fileid_289.wav,16000,16000,1,1,160000,160000
100,dns2020_no_reverb_fileid_290.wav,dns2020_no_reverb_fileid_290,data/dns2020_synthetic_official_20260818/no_reverb/clean/dns2020_no_reverb_fileid_290.wav,data/dns2020_synthetic_official_20260818/no_reverb/noisy/dns2020_no_reverb_fileid_290.wav,16000,16000,1,1,160000,160000
101,dns2020_no_reverb_fileid_291.wav,dns2020_no_reverb_fileid_291,data/dns2020_synthetic_official_20260818/no_reverb/clean/dns2020_no_reverb_fileid_291.wav,data/dns2020_synthetic_official_20260818/no_reverb/noisy/dns2020_no_reverb_fileid_291.wav,16000,16000,1,1,160000,160000
102,dns2020_no_reverb_fileid_293.wav,dns2020_no_reverb_fileid_293,data/dns2020_synthetic_official_20260818/no_reverb/clean/dns2020_no_reverb_fileid_293.wav,data/dns2020_synthetic_official_20260818/no_reverb/noisy/dns2020_no_reverb_fileid_293.wav,16000,16000,1,1,160000,160000
103,dns2020_no_reverb_fileid_296.wav,dns2020_no_reverb_fileid_296,data/dns2020_synthetic_official_20260818/no_reverb/clean/dns2020_no_reverb_fileid_296.wav,data/dns2020_synthetic_official_20260818/no_reverb/noisy/dns2020_no_reverb_fileid_296.wav,16000,16000,1,1,160000,160000
104,dns2020_no_reverb_fileid_3.wav,dns2020_no_reverb_fileid_3,data/dns2020_synthetic_official_20260818/no_reverb/clean/dns2020_no_reverb_fileid_3.wav,data/dns2020_synthetic_official_20260818/no_reverb/noisy/dns2020_no_reverb_fileid_3.wav,16000,16000,1,1,160000,160000
105,dns2020_no_reverb_fileid_300.wav,dns2020_no_reverb_fileid_300,data/dns2020_synthetic_official_20260818/no_reverb/clean/dns2020_no_reverb_fileid_300.wav,data/dns2020_synthetic_official_20260818/no_reverb/noisy/dns2020_no_reverb_fileid_300.wav,16000,16000,1,1,160000,160000
106,dns2020_no_reverb_fileid_33.wav,dns2020_no_reverb_fileid_33,data/dns2020_synthetic_official_20260818/no_reverb/clean/dns2020_no_reverb_fileid_33.wav,data/dns2020_synthetic_official_20260818/no_reverb/noisy/dns2020_no_reverb_fileid_33.wav,16000,16000,1,1,160000,160000
107,dns2020_no_reverb_fileid_34.wav,dns2020_no_reverb_fileid_34,data/dns2020_synthetic_official_20260818/no_reverb/clean/dns2020_no_reverb_fileid_34.wav,data/dns2020_synthetic_official_20260818/no_reverb/noisy/dns2020_no_reverb_fileid_34.wav,16000,16000,1,1,160000,160000
108,dns2020_no_reverb_fileid_35.wav,dns2020_no_reverb_fileid_35,data/dns2020_synthetic_official_20260818/no_reverb/clean/dns2020_no_reverb_fileid_35.wav,data/dns2020_synthetic_official_20260818/no_reverb/noisy/dns2020_no_reverb_fileid_35.wav,16000,16000,1,1,160000,160000
109,dns2020_no_reverb_fileid_37.wav,dns2020_no_reverb_fileid_37,data/dns2020_synthetic_official_20260818/no_reverb/clean/dns2020_no_reverb_fileid_37.wav,data/dns2020_synthetic_official_20260818/no_reverb/noisy/dns2020_no_reverb_fileid_37.wav,16000,16000,1,1,160000,160000
110,dns2020_no_reverb_fileid_38.wav,dns2020_no_reverb_fileid_38,data/dns2020_synthetic_official_20260818/no_reverb/clean/dns2020_no_reverb_fileid_38.wav,data/dns2020_synthetic_official_20260818/no_reverb/noisy/dns2020_no_reverb_fileid_38.wav,16000,16000,1,1,160000,160000
111,dns2020_no_reverb_fileid_4.wav,dns2020_no_reverb_fileid_4,data/dns2020_synthetic_official_20260818/no_reverb/clean/dns2020_no_reverb_fileid_4.wav,data/dns2020_synthetic_official_20260818/no_reverb/noisy/dns2020_no_reverb_fileid_4.wav,16000,16000,1,1,160000,160000
112,dns2020_no_reverb_fileid_42.wav,dns2020_no_reverb_fileid_42,data/dns2020_synthetic_official_20260818/no_reverb/clean/dns2020_no_reverb_fileid_42.wav,data/dns2020_synthetic_official_20260818/no_reverb/noisy/dns2020_no_reverb_fileid_42.wav,16000,16000,1,1,160000,160000
113,dns2020_no_reverb_fileid_43.wav,dns2020_no_reverb_fileid_43,data/dns2020_synthetic_official_20260818/no_reverb/clean/dns2020_no_reverb_fileid_43.wav,data/dns2020_synthetic_official_20260818/no_reverb/noisy/dns2020_no_reverb_fileid_43.wav,16000,16000,1,1,160000,160000
114,dns2020_no_reverb_fileid_44.wav,dns2020_no_reverb_fileid_44,data/dns2020_synthetic_official_20260818/no_reverb/clean/dns2020_no_reverb_fileid_44.wav,data/dns2020_synthetic_official_20260818/no_reverb/noisy/dns2020_no_reverb_fileid_44.wav,16000,16000,1,1,160000,160000
115,dns2020_no_reverb_fileid_45.wav,dns2020_no_reverb_fileid_45,data/dns2020_synthetic_official_20260818/no_reverb/clean/dns2020_no_reverb_fileid_45.wav,data/dns2020_synthetic_official_20260818/no_reverb/noisy/dns2020_no_reverb_fileid_45.wav,16000,16000,1,1,160000,160000
116,dns2020_no_reverb_fileid_47.wav,dns2020_no_reverb_fileid_47,data/dns2020_synthetic_official_20260818/no_reverb/clean/dns2020_no_reverb_fileid_47.wav,data/dns2020_synthetic_official_20260818/no_reverb/noisy/dns2020_no_reverb_fileid_47.wav,16000,16000,1,1,160000,160000
117,dns2020_no_reverb_fileid_48.wav,dns2020_no_reverb_fileid_48,data/dns2020_synthetic_official_20260818/no_reverb/clean/dns2020_no_reverb_fileid_48.wav,data/dns2020_synthetic_official_20260818/no_reverb/noisy/dns2020_no_reverb_fileid_48.wav,16000,16000,1,1,160000,160000
118,dns2020_no_reverb_fileid_49.wav,dns2020_no_reverb_fileid_49,data/dns2020_synthetic_official_20260818/no_reverb/clean/dns2020_no_reverb_fileid_49.wav,data/dns2020_synthetic_official_20260818/no_reverb/noisy/dns2020_no_reverb_fileid_49.wav,16000,16000,1,1,160000,160000
119,dns2020_no_reverb_fileid_5.wav,dns2020_no_reverb_fileid_5,data/dns2020_synthetic_official_20260818/no_reverb/clean/dns2020_no_reverb_fileid_5.wav,data/dns2020_synthetic_official_20260818/no_reverb/noisy/dns2020_no_reverb_fileid_5.wav,16000,16000,1,1,160000,160000
120,dns2020_no_reverb_fileid_50.wav,dns2020_no_reverb_fileid_50,data/dns2020_synthetic_official_20260818/no_reverb/clean/dns2020_no_reverb_fileid_50.wav,data/dns2020_synthetic_official_20260818/no_reverb/noisy/dns2020_no_reverb_fileid_50.wav,16000,16000,1,1,160000,160000
121,dns2020_no_reverb_fileid_52.wav,dns2020_no_reverb_fileid_52,data/dns2020_synthetic_official_20260818/no_reverb/clean/dns2020_no_reverb_fileid_52.wav,data/dns2020_synthetic_official_20260818/no_reverb/noisy/dns2020_no_reverb_fileid_52.wav,16000,16000,1,1,160000,160000
122,dns2020_no_reverb_fileid_53.wav,dns2020_no_reverb_fileid_53,data/dns2020_synthetic_official_20260818/no_reverb/clean/dns2020_no_reverb_fileid_53.wav,data/dns2020_synthetic_official_20260818/no_reverb/noisy/dns2020_no_reverb_fileid_53.wav,16000,16000,1,1,160000,160000
123,dns2020_no_reverb_fileid_54.wav,dns2020_no_reverb_fileid_54,data/dns2020_synthetic_official_20260818/no_reverb/clean/dns2020_no_reverb_fileid_54.wav,data/dns2020_synthetic_official_20260818/no_reverb/noisy/dns2020_no_reverb_fileid_54.wav,16000,16000,1,1,160000,160000
124,dns2020_no_reverb_fileid_57.wav,dns2020_no_reverb_fileid_57,data/dns2020_synthetic_official_20260818/no_reverb/clean/dns2020_no_reverb_fileid_57.wav,data/dns2020_synthetic_official_20260818/no_reverb/noisy/dns2020_no_reverb_fileid_57.wav,16000,16000,1,1,160000,160000
125,dns2020_no_reverb_fileid_58.wav,dns2020_no_reverb_fileid_58,data/dns2020_synthetic_official_20260818/no_reverb/clean/dns2020_no_reverb_fileid_58.wav,data/dns2020_synthetic_official_20260818/no_reverb/noisy/dns2020_no_reverb_fileid_58.wav,16000,16000,1,1,160000,160000
126,dns2020_no_reverb_fileid_59.wav,dns2020_no_reverb_fileid_59,data/dns2020_synthetic_official_20260818/no_reverb/clean/dns2020_no_reverb_fileid_59.wav,data/dns2020_synthetic_official_20260818/no_reverb/noisy/dns2020_no_reverb_fileid_59.wav,16000,16000,1,1,160000,160000
127,dns2020_no_reverb_fileid_6.wav,dns2020_no_reverb_fileid_6,data/dns2020_synthetic_official_20260818/no_reverb/clean/dns2020_no_reverb_fileid_6.wav,data/dns2020_synthetic_official_20260818/no_reverb/noisy/dns2020_no_reverb_fileid_6.wav,16000,16000,1,1,160000,160000
128,dns2020_no_reverb_fileid_60.wav,dns2020_no_reverb_fileid_60,data/dns2020_synthetic_official_20260818/no_reverb/clean/dns2020_no_reverb_fileid_60.wav,data/dns2020_synthetic_official_20260818/no_reverb/noisy/dns2020_no_reverb_fileid_60.wav,16000,16000,1,1,160000,160000
129,dns2020_no_reverb_fileid_63.wav,dns2020_no_reverb_fileid_63,data/dns2020_synthetic_official_20260818/no_reverb/clean/dns2020_no_reverb_fileid_63.wav,data/dns2020_synthetic_official_20260818/no_reverb/noisy/dns2020_no_reverb_fileid_63.wav,16000,16000,1,1,160000,160000
130,dns2020_no_reverb_fileid_64.wav,dns2020_no_reverb_fileid_64,data/dns2020_synthetic_official_20260818/no_reverb/clean/dns2020_no_reverb_fileid_64.wav,data/dns2020_synthetic_official_20260818/no_reverb/noisy/dns2020_no_reverb_fileid_64.wav,16000,16000,1,1,160000,160000
131,dns2020_no_reverb_fileid_66.wav,dns2020_no_reverb_fileid_66,data/dns2020_synthetic_official_20260818/no_reverb/clean/dns2020_no_reverb_fileid_66.wav,data/dns2020_synthetic_official_20260818/no_reverb/noisy/dns2020_no_reverb_fileid_66.wav,16000,16000,1,1,160000,160000
132,dns2020_no_reverb_fileid_67.wav,dns2020_no_reverb_fileid_67,data/dns2020_synthetic_official_20260818/no_reverb/clean/dns2020_no_reverb_fileid_67.wav,data/dns2020_synthetic_official_20260818/no_reverb/noisy/dns2020_no_reverb_fileid_67.wav,16000,16000,1,1,160000,160000
133,dns2020_no_reverb_fileid_69.wav,dns2020_no_reverb_fileid_69,data/dns2020_synthetic_official_20260818/no_reverb/clean/dns2020_no_reverb_fileid_69.wav,data/dns2020_synthetic_official_20260818/no_reverb/noisy/dns2020_no_reverb_fileid_69.wav,16000,16000,1,1,160000,160000
134,dns2020_no_reverb_fileid_7.wav,dns2020_no_reverb_fileid_7,data/dns2020_synthetic_official_20260818/no_reverb/clean/dns2020_no_reverb_fileid_7.wav,data/dns2020_synthetic_official_20260818/no_reverb/noisy/dns2020_no_reverb_fileid_7.wav,16000,16000,1,1,160000,160000
135,dns2020_no_reverb_fileid_71.wav,dns2020_no_reverb_fileid_71,data/dns2020_synthetic_official_20260818/no_reverb/clean/dns2020_no_reverb_fileid_71.wav,data/dns2020_synthetic_official_20260818/no_reverb/noisy/dns2020_no_reverb_fileid_71.wav,16000,16000,1,1,160000,160000
136,dns2020_no_reverb_fileid_72.wav,dns2020_no_reverb_fileid_72,data/dns2020_synthetic_official_20260818/no_reverb/clean/dns2020_no_reverb_fileid_72.wav,data/dns2020_synthetic_official_20260818/no_reverb/noisy/dns2020_no_reverb_fileid_72.wav,16000,16000,1,1,160000,160000
137,dns2020_no_reverb_fileid_73.wav,dns2020_no_reverb_fileid_73,data/dns2020_synthetic_official_20260818/no_reverb/clean/dns2020_no_reverb_fileid_73.wav,data/dns2020_synthetic_official_20260818/no_reverb/noisy/dns2020_no_reverb_fileid_73.wav,16000,16000,1,1,160000,160000
138,dns2020_no_reverb_fileid_76.wav,dns2020_no_reverb_fileid_76,data/dns2020_synthetic_official_20260818/no_reverb/clean/dns2020_no_reverb_fileid_76.wav,data/dns2020_synthetic_official_20260818/no_reverb/noisy/dns2020_no_reverb_fileid_76.wav,16000,16000,1,1,160000,160000
139,dns2020_no_reverb_fileid_77.wav,dns2020_no_reverb_fileid_77,data/dns2020_synthetic_official_20260818/no_reverb/clean/dns2020_no_reverb_fileid_77.wav,data/dns2020_synthetic_official_20260818/no_reverb/noisy/dns2020_no_reverb_fileid_77.wav,16000,16000,1,1,160000,160000
140,dns2020_no_reverb_fileid_8.wav,dns2020_no_reverb_fileid_8,data/dns2020_synthetic_official_20260818/no_reverb/clean/dns2020_no_reverb_fileid_8.wav,data/dns2020_synthetic_official_20260818/no_reverb/noisy/dns2020_no_reverb_fileid_8.wav,16000,16000,1,1,160000,160000
141,dns2020_no_reverb_fileid_80.wav,dns2020_no_reverb_fileid_80,data/dns2020_synthetic_official_20260818/no_reverb/clean/dns2020_no_reverb_fileid_80.wav,data/dns2020_synthetic_official_20260818/no_reverb/noisy/dns2020_no_reverb_fileid_80.wav,16000,16000,1,1,160000,160000
142,dns2020_no_reverb_fileid_81.wav,dns2020_no_reverb_fileid_81,data/dns2020_synthetic_official_20260818/no_reverb/clean/dns2020_no_reverb_fileid_81.wav,data/dns2020_synthetic_official_20260818/no_reverb/noisy/dns2020_no_reverb_fileid_81.wav,16000,16000,1,1,160000,160000
143,dns2020_no_reverb_fileid_82.wav,dns2020_no_reverb_fileid_82,data/dns2020_synthetic_official_20260818/no_reverb/clean/dns2020_no_reverb_fileid_82.wav,data/dns2020_synthetic_official_20260818/no_reverb/noisy/dns2020_no_reverb_fileid_82.wav,16000,16000,1,1,160000,160000
144,dns2020_no_reverb_fileid_88.wav,dns2020_no_reverb_fileid_88,data/dns2020_synthetic_official_20260818/no_reverb/clean/dns2020_no_reverb_fileid_88.wav,data/dns2020_synthetic_official_20260818/no_reverb/noisy/dns2020_no_reverb_fileid_88.wav,16000,16000,1,1,160000,160000
145,dns2020_no_reverb_fileid_89.wav,dns2020_no_reverb_fileid_89,data/dns2020_synthetic_official_20260818/no_reverb/clean/dns2020_no_reverb_fileid_89.wav,data/dns2020_synthetic_official_20260818/no_reverb/noisy/dns2020_no_reverb_fileid_89.wav,16000,16000,1,1,160000,160000
146,dns2020_no_reverb_fileid_9.wav,dns2020_no_reverb_fileid_9,data/dns2020_synthetic_official_20260818/no_reverb/clean/dns2020_no_reverb_fileid_9.wav,data/dns2020_synthetic_official_20260818/no_reverb/noisy/dns2020_no_reverb_fileid_9.wav,16000,16000,1,1,160000,160000
147,dns2020_no_reverb_fileid_90.wav,dns2020_no_reverb_fileid_90,data/dns2020_synthetic_official_20260818/no_reverb/clean/dns2020_no_reverb_fileid_90.wav,data/dns2020_synthetic_official_20260818/no_reverb/noisy/dns2020_no_reverb_fileid_90.wav,16000,16000,1,1,160000,160000
148,dns2020_no_reverb_fileid_94.wav,dns2020_no_reverb_fileid_94,data/dns2020_synthetic_official_20260818/no_reverb/clean/dns2020_no_reverb_fileid_94.wav,data/dns2020_synthetic_official_20260818/no_reverb/noisy/dns2020_no_reverb_fileid_94.wav,16000,16000,1,1,160000,160000
149,dns2020_no_reverb_fileid_96.wav,dns2020_no_reverb_fileid_96,data/dns2020_synthetic_official_20260818/no_reverb/clean/dns2020_no_reverb_fileid_96.wav,data/dns2020_synthetic_official_20260818/no_reverb/noisy/dns2020_no_reverb_fileid_96.wav,16000,16000,1,1,160000,160000
