file,dir,start,loudness,split
ch16.wav,SPSQUARE,0,-47.869434345312605,test
ch16.wav,SPSQUARE,480000,-46.82969401050507,test
ch16.wav,SPSQUARE,960000,-42.77308165110213,test
ch16.wav,SPSQUARE,1440000,-45.82802055980979,test
ch16.wav,SPSQUARE,1920000,-44.83738974069858,test
ch16.wav,SPSQUARE,2400000,-47.40765114933851,test
ch16.wav,SPSQUARE,2880000,-46.72643286305901,test
ch16.wav,SPSQUARE,3360000,-49.6517542823977,test
ch16.wav,SPSQUARE,3840000,-44.886311032632776,test
ch16.wav,SPSQUARE,4320000,-43.72493016113383,test
ch08.wav,SPSQUARE,0,-46.79500770718306,test
ch08.wav,SPSQUARE,480000,-46.42154265082381,test
ch08.wav,SPSQUARE,960000,-38.855478738167,test
ch08.wav,SPSQUARE,1440000,-44.90598601063771,test
ch08.wav,SPSQUARE,1920000,-43.125980815058924,test
ch08.wav,SPSQUARE,2400000,-45.751685338393216,test
ch08.wav,SPSQUARE,2880000,-45.622252380367996,test
ch08.wav,SPSQUARE,3360000,-47.89209127474683,test
ch08.wav,SPSQUARE,3840000,-43.44264382703936,test
ch08.wav,SPSQUARE,4320000,-42.85881740454066,test
ch12.wav,SPSQUARE,0,-46.96644745149533,test
ch12.wav,SPSQUARE,480000,-46.76684477879441,test
ch12.wav,SPSQUARE,960000,-43.205369972509686,test
ch12.wav,SPSQUARE,1440000,-45.63542025338533,test
ch12.wav,SPSQUARE,1920000,-44.144523813660804,test
ch12.wav,SPSQUARE,2400000,-46.55596073942797,test
ch12.wav,SPSQUARE,2880000,-41.69624292315115,test
ch12.wav,SPSQUARE,3360000,-46.63557587612765,test
ch12.wav,SPSQUARE,3840000,-44.32689268710626,test
ch12.wav,SPSQUARE,4320000,-43.69311545780527,test
ch04.wav,SPSQUARE,0,-46.37798429764719,test
ch04.wav,SPSQUARE,480000,-46.85479748807706,test
ch04.wav,SPSQUARE,960000,-42.1710906302887,test
ch04.wav,SPSQUARE,1440000,-44.878872463808705,test
ch04.wav,SPSQUARE,1920000,-43.426170280486296,test
ch04.wav,SPSQUARE,2400000,-45.654780107603465,test
ch04.wav,SPSQUARE,2880000,-41.38858610788696,test
ch04.wav,SPSQUARE,3360000,-46.77873954495951,test
ch04.wav,SPSQUARE,3840000,-43.89058667372413,test
ch04.wav,SPSQUARE,4320000,-42.62235789994457,test
ch15.wav,SPSQUARE,0,-47.662544966393114,test
ch15.wav,SPSQUARE,480000,-46.936959182683296,test
ch15.wav,SPSQUARE,960000,-42.04590684472408,test
ch15.wav,SPSQUARE,1440000,-44.83454166624749,test
ch15.wav,SPSQUARE,1920000,-44.081316746906175,test
ch15.wav,SPSQUARE,2400000,-45.70998727384544,test
ch15.wav,SPSQUARE,2880000,-46.07564676807831,test
ch15.wav,SPSQUARE,3360000,-48.14730379676692,test
ch15.wav,SPSQUARE,3840000,-43.844111809202914,test
ch15.wav,SPSQUARE,4320000,-43.64736815864945,test
ch07.wav,SPSQUARE,0,-46.85110239154017,test
ch07.wav,SPSQUARE,480000,-46.58637661078356,test
ch07.wav,SPSQUARE,960000,-39.2045802768222,test
ch07.wav,SPSQUARE,1440000,-44.693951111576155,test
ch07.wav,SPSQUARE,1920000,-43.957445044399115,test
ch07.wav,SPSQUARE,2400000,-46.11267868397671,test
ch07.wav,SPSQUARE,2880000,-42.93616785030722,test
ch07.wav,SPSQUARE,3360000,-46.835272651800636,test
ch07.wav,SPSQUARE,3840000,-44.28962440430874,test
ch07.wav,SPSQUARE,4320000,-43.17259048453207,test
ch11.wav,SPSQUARE,0,-47.39632167225822,test
ch11.wav,SPSQUARE,480000,-47.471107692385075,test
ch11.wav,SPSQUARE,960000,-39.83966460905142,test
ch11.wav,SPSQUARE,1440000,-45.55934240607795,test
ch11.wav,SPSQUARE,1920000,-44.95811505903926,test
ch11.wav,SPSQUARE,2400000,-46.107682081608964,test
ch11.wav,SPSQUARE,2880000,-43.96036909160225,test
ch11.wav,SPSQUARE,3360000,-48.35687316595111,test
ch11.wav,SPSQUARE,3840000,-45.25021347277715,test
ch11.wav,SPSQUARE,4320000,-43.947335390146435,test
ch03.wav,SPSQUARE,0,-45.63372568509764,test
ch03.wav,SPSQUARE,480000,-46.14887597116146,test
ch03.wav,SPSQUARE,960000,-43.81715192680266,test
ch03.wav,SPSQUARE,1440000,-44.32873443654715,test
ch03.wav,SPSQUARE,1920000,-43.010448497603846,test
ch03.wav,SPSQUARE,2400000,-44.44148118401344,test
ch03.wav,SPSQUARE,2880000,-41.6662541282532,test
ch03.wav,SPSQUARE,3360000,-45.271187499616886,test
ch03.wav,SPSQUARE,3840000,-42.63435623497486,test
ch03.wav,SPSQUARE,4320000,-41.19499249548797,test
ch14.wav,SPSQUARE,0,-45.871738510924104,test
ch14.wav,SPSQUARE,480000,-46.57163561140597,test
ch14.wav,SPSQUARE,960000,-36.70243226606259,test
ch14.wav,SPSQUARE,1440000,-43.80372193703673,test
ch14.wav,SPSQUARE,1920000,-43.83357109607812,test
ch14.wav,SPSQUARE,2400000,-45.15952259271065,test
ch14.wav,SPSQUARE,2880000,-45.636416994646204,test
ch14.wav,SPSQUARE,3360000,-48.10489663889667,test
ch14.wav,SPSQUARE,3840000,-44.18912545151658,test
ch14.wav,SPSQUARE,4320000,-44.265214931154745,test
ch06.wav,SPSQUARE,0,-45.92951929075575,test
ch06.wav,SPSQUARE,480000,-46.3401795462337,test
ch06.wav,SPSQUARE,960000,-40.39948988618017,test
ch06.wav,SPSQUARE,1440000,-44.106955450521596,test
ch06.wav,SPSQUARE,1920000,-44.003437898456525,test
ch06.wav,SPSQUARE,2400000,-45.74965036440562,test
ch06.wav,SPSQUARE,2880000,-43.830149013065196,test
ch06.wav,SPSQUARE,3360000,-47.992394267997824,test
ch06.wav,SPSQUARE,3840000,-44.50378506459325,test
ch06.wav,SPSQUARE,4320000,-44.43908129003946,test
ch10.wav,SPSQUARE,0,-46.48808912216497,test
ch10.wav,SPSQUARE,480000,-48.26354125132338,test
ch10.wav,SPSQUARE,960000,-41.823122831806955,test
ch10.wav,SPSQUARE,1440000,-45.883403565821425,test
ch10.wav,SPSQUARE,1920000,-45.8977202137696,test
ch10.wav,SPSQUARE,2400000,-47.6812701828823,test
ch10.wav,SPSQUARE,2880000,-45.33288749529961,test
ch10.wav,SPSQUARE,3360000,-49.80245464753298,test
ch10.wav,SPSQUARE,3840000,-46.79792409169359,test
ch10.wav,SPSQUARE,4320000,-46.87466508764978,test
ch02.wav,SPSQUARE,0,-46.15784389636531,test
ch02.wav,SPSQUARE,480000,-46.76193757251669,test
ch02.wav,SPSQUARE,960000,-44.39909117929976,test
ch02.wav,SPSQUARE,1440000,-44.868702673163426,test
ch02.wav,SPSQUARE,1920000,-44.350285708299495,test
ch02.wav,SPSQUARE,2400000,-46.089327815722456,test
ch02.wav,SPSQUARE,2880000,-43.41284839404479,test
ch02.wav,SPSQUARE,3360000,-47.40037305751029,test
ch02.wav,SPSQUARE,3840000,-44.28409712067781,test
ch02.wav,SPSQUARE,4320000,-44.25851847802116,test
ch09.wav,SPSQUARE,0,-43.74363780737146,test
ch09.wav,SPSQUARE,480000,-45.27885474979402,test
ch09.wav,SPSQUARE,960000,-42.31205924297435,test
ch09.wav,SPSQUARE,1440000,-43.96749281552897,test
ch09.wav,SPSQUARE,1920000,-42.4387572696912,test
ch09.wav,SPSQUARE,2400000,-45.192620639832015,test
ch09.wav,SPSQUARE,2880000,-40.3772844052563,test
ch09.wav,SPSQUARE,3360000,-45.94526867544691,test
ch09.wav,SPSQUARE,3840000,-43.54676585616453,test
ch09.wav,SPSQUARE,4320000,-42.88694193650029,test
ch13.wav,SPSQUARE,0,-45.83987221419474,test
ch13.wav,SPSQUARE,480000,-46.169644030529184,test
ch13.wav,SPSQUARE,960000,-38.30497852290836,test
ch13.wav,SPSQUARE,1440000,-43.88753369454671,test
ch13.wav,SPSQUARE,1920000,-43.945401662134685,test
ch13.wav,SPSQUARE,2400000,-46.43917098204037,test
ch13.wav,SPSQUARE,2880000,-46.194227701775766,test
ch13.wav,SPSQUARE,3360000,-48.95047800677285,test
ch13.wav,SPSQUARE,3840000,-44.85696771219517,test
ch13.wav,SPSQUARE,4320000,-44.86459552853612,test
ch05.wav,SPSQUARE,0,-42.51190600467983,test
ch05.wav,SPSQUARE,480000,-44.1336502342836,test
ch05.wav,SPSQUARE,960000,-40.494809132246,test
ch05.wav,SPSQUARE,1440000,-43.0962091920652,test
ch05.wav,SPSQUARE,1920000,-42.60472124906396,test
ch05.wav,SPSQUARE,2400000,-45.1907176457601,test
ch05.wav,SPSQUARE,2880000,-42.06494181361338,test
ch05.wav,SPSQUARE,3360000,-46.7273718918906,test
ch05.wav,SPSQUARE,3840000,-43.647253811628744,test
ch05.wav,SPSQUARE,4320000,-42.804009406414735,test
ch01.wav,SPSQUARE,0,-46.02420934378353,test
ch01.wav,SPSQUARE,480000,-47.4818695408537,test
ch01.wav,SPSQUARE,960000,-44.76318942388035,test
ch01.wav,SPSQUARE,1440000,-45.85578381772737,test
ch01.wav,SPSQUARE,1920000,-45.25892741572294,test
ch01.wav,SPSQUARE,2400000,-48.108665136264136,test
ch01.wav,SPSQUARE,2880000,-44.65867156079734,test
ch01.wav,SPSQUARE,3360000,-49.382201489093255,test
ch01.wav,SPSQUARE,3840000,-45.684035684500536,test
ch01.wav,SPSQUARE,4320000,-46.21859970661921,test
ch16.wav,OHALLWAY,0,-65.76270827036028,test
ch16.wav,OHALLWAY,480000,-65.49275673891711,test
ch16.wav,OHALLWAY,960000,-66.90519150749844,test
ch16.wav,OHALLWAY,1440000,-60.91049957038488,test
ch16.wav,OHALLWAY,1920000,-64.60174505296897,test
ch16.wav,OHALLWAY,2400000,-63.80618014846663,test
ch16.wav,OHALLWAY,2880000,-60.75372709825748,test
ch16.wav,OHALLWAY,3360000,-57.09497016828759,test
ch16.wav,OHALLWAY,3840000,-63.68183687761795,test
ch16.wav,OHALLWAY,4320000,-68.86208442062483,test
ch08.wav,OHALLWAY,0,-64.83886643308097,test
ch08.wav,OHALLWAY,480000,-64.57581526827691,test
ch08.wav,OHALLWAY,960000,-66.10392114278284,test
ch08.wav,OHALLWAY,1440000,-60.09250814325266,test
ch08.wav,OHALLWAY,1920000,-63.84984273495351,test
ch08.wav,OHALLWAY,2400000,-63.07204405829859,test
ch08.wav,OHALLWAY,2880000,-60.04403229294624,test
ch08.wav,OHALLWAY,3360000,-56.26197907727972,test
ch08.wav,OHALLWAY,3840000,-62.909230693835326,test
ch08.wav,OHALLWAY,4320000,-68.23293905940521,test
ch12.wav,OHALLWAY,0,-65.70001227406064,test
ch12.wav,OHALLWAY,480000,-65.39894600181151,test
ch12.wav,OHALLWAY,960000,-66.86503170160395,test
ch12.wav,OHALLWAY,1440000,-60.868013388886695,test
ch12.wav,OHALLWAY,1920000,-64.60879494573162,test
ch12.wav,OHALLWAY,2400000,-63.79443132084455,test
ch12.wav,OHALLWAY,2880000,-60.73639133259317,test
ch12.wav,OHALLWAY,3360000,-57.250007082622915,test
ch12.wav,OHALLWAY,3840000,-63.703530355933374,test
ch12.wav,OHALLWAY,4320000,-68.84280971942526,test
ch04.wav,OHALLWAY,0,-65.37846222588725,test
ch04.wav,OHALLWAY,480000,-65.1627335828076,test
ch04.wav,OHALLWAY,960000,-66.69359818734745,test
ch04.wav,OHALLWAY,1440000,-60.61429098227436,test
ch04.wav,OHALLWAY,1920000,-64.44279597634777,test
ch04.wav,OHALLWAY,2400000,-63.61178609629724,test
ch04.wav,OHALLWAY,2880000,-60.5646187427249,test
ch04.wav,OHALLWAY,3360000,-56.75874281165087,test
ch04.wav,OHALLWAY,3840000,-63.47300448822239,test
ch04.wav,OHALLWAY,4320000,-68.7654154909839,test
ch15.wav,OHALLWAY,0,-65.33199838046865,test
ch15.wav,OHALLWAY,480000,-65.04672272825935,test
ch15.wav,OHALLWAY,960000,-66.55153113321396,test
ch15.wav,OHALLWAY,1440000,-60.45556644288126,test
ch15.wav,OHALLWAY,1920000,-64.24395278445627,test
ch15.wav,OHALLWAY,2400000,-63.414312181455045,test
ch15.wav,OHALLWAY,2880000,-60.31962005131151,test
ch15.wav,OHALLWAY,3360000,-56.66203995211943,test
ch15.wav,OHALLWAY,3840000,-63.265257261948754,test
ch15.wav,OHALLWAY,4320000,-68.58435257629199,test
ch07.wav,OHALLWAY,0,-65.11475295185907,test
ch07.wav,OHALLWAY,480000,-64.89835089229558,test
ch07.wav,OHALLWAY,960000,-66.36630766710154,test
ch07.wav,OHALLWAY,1440000,-60.34461470169601,test
ch07.wav,OHALLWAY,1920000,-64.14781858760335,test
ch07.wav,OHALLWAY,2400000,-63.319018498118965,test
ch07.wav,OHALLWAY,2880000,-60.24870856092297,test
ch07.wav,OHALLWAY,3360000,-56.6694384086851,test
ch07.wav,OHALLWAY,3840000,-63.17733235956872,test
ch07.wav,OHALLWAY,4320000,-68.53231807753855,test
ch11.wav,OHALLWAY,0,-66.04240608561412,test
ch11.wav,OHALLWAY,480000,-65.79265385735583,test
ch11.wav,OHALLWAY,960000,-67.21163248135677,test
ch11.wav,OHALLWAY,1440000,-61.32579995641498,test
ch11.wav,OHALLWAY,1920000,-65.0661727052449,test
ch11.wav,OHALLWAY,2400000,-64.23304884438495,test
ch11.wav,OHALLWAY,2880000,-61.2184704156976,test
ch11.wav,OHALLWAY,3360000,-57.67902912182535,test
ch11.wav,OHALLWAY,3840000,-64.06560829348132,test
ch11.wav,OHALLWAY,4320000,-69.02624455681816,test
ch03.wav,OHALLWAY,0,-64.50862719401066,test
ch03.wav,OHALLWAY,480000,-64.23848650361317,test
ch03.wav,OHALLWAY,960000,-65.82525574556931,test
ch03.wav,OHALLWAY,1440000,-59.621511542245884,test
ch03.wav,OHALLWAY,1920000,-63.51351202684195,test
ch03.wav,OHALLWAY,2400000,-62.742871672903306,test
ch03.wav,OHALLWAY,2880000,-59.61035166097592,test
ch03.wav,OHALLWAY,3360000,-55.90361270686293,test
ch03.wav,OHALLWAY,3840000,-62.5798634327337,test
ch03.wav,OHALLWAY,4320000,-68.0903587432803,test
ch14.wav,OHALLWAY,0,-64.91771827421422,test
ch14.wav,OHALLWAY,480000,-64.58826867646455,test
ch14.wav,OHALLWAY,960000,-66.22384497407393,test
ch14.wav,OHALLWAY,1440000,-60.16053700588951,test
ch14.wav,OHALLWAY,1920000,-63.97456887842132,test
ch14.wav,OHALLWAY,2400000,-63.086936164525454,test
ch14.wav,OHALLWAY,2880000,-60.04575812452184,test
ch14.wav,OHALLWAY,3360000,-56.21797586487243,test
ch14.wav,OHALLWAY,3840000,-62.897964526965005,test
ch14.wav,OHALLWAY,4320000,-68.2891149390711,test
ch06.wav,OHALLWAY,0,-65.01868804673151,test
ch06.wav,OHALLWAY,480000,-64.77817452326232,test
ch06.wav,OHALLWAY,960000,-66.26223820437329,test
ch06.wav,OHALLWAY,1440000,-60.19765501306667,test
ch06.wav,OHALLWAY,1920000,-64.00416664446952,test
ch06.wav,OHALLWAY,2400000,-63.22233507434723,test
ch06.wav,OHALLWAY,2880000,-60.0403015625111,test
ch06.wav,OHALLWAY,3360000,-56.589540028664445,test
ch06.wav,OHALLWAY,3840000,-63.09906797267606,test
ch06.wav,OHALLWAY,4320000,-68.43172320923016,test
ch10.wav,OHALLWAY,0,-66.3173577613475,test
ch10.wav,OHALLWAY,480000,-65.84043367314717,test
ch10.wav,OHALLWAY,960000,-67.37423584271704,test
ch10.wav,OHALLWAY,1440000,-61.45679841900349,test
ch10.wav,OHALLWAY,1920000,-65.36352708880119,test
ch10.wav,OHALLWAY,2400000,-64.33790130089258,test
ch10.wav,OHALLWAY,2880000,-61.43013784100179,test
ch10.wav,OHALLWAY,3360000,-57.781463928423676,test
ch10.wav,OHALLWAY,3840000,-64.15294083380289,test
ch10.wav,OHALLWAY,4320000,-69.17985612821272,test
ch02.wav,OHALLWAY,0,-64.7167840010633,test
ch02.wav,OHALLWAY,480000,-64.46813615261341,test
ch02.wav,OHALLWAY,960000,-65.9933033273174,test
ch02.wav,OHALLWAY,1440000,-59.853389850888846,test
ch02.wav,OHALLWAY,1920000,-63.74230218770263,test
ch02.wav,OHALLWAY,2400000,-62.96987212137995,test
ch02.wav,OHALLWAY,2880000,-59.8001672645843,test
ch02.wav,OHALLWAY,3360000,-56.227125733342305,test
ch02.wav,OHALLWAY,3840000,-62.79790703040926,test
ch02.wav,OHALLWAY,4320000,-68.29242681516665,test
ch09.wav,OHALLWAY,0,-63.68407371899063,test
ch09.wav,OHALLWAY,480000,-63.43017068775586,test
ch09.wav,OHALLWAY,960000,-65.046291793394,test
ch09.wav,OHALLWAY,1440000,-58.84902162878252,test
ch09.wav,OHALLWAY,1920000,-62.64707474942052,test
ch09.wav,OHALLWAY,2400000,-61.87385238218124,test
ch09.wav,OHALLWAY,2880000,-58.63063397214536,test
ch09.wav,OHALLWAY,3360000,-55.014859586740535,test
ch09.wav,OHALLWAY,3840000,-61.721460895504464,test
ch09.wav,OHALLWAY,4320000,-67.36277813407376,test
ch13.wav,OHALLWAY,0,-64.92027756244634,test
ch13.wav,OHALLWAY,480000,-64.62823594349688,test
ch13.wav,OHALLWAY,960000,-66.2405262884609,test
ch13.wav,OHALLWAY,1440000,-60.14113299223972,test
ch13.wav,OHALLWAY,1920000,-63.918008043176556,test
ch13.wav,OHALLWAY,2400000,-63.13576038504278,test
ch13.wav,OHALLWAY,2880000,-59.97536807270462,test
ch13.wav,OHALLWAY,3360000,-56.29839319799361,test
ch13.wav,OHALLWAY,3840000,-62.97550430790163,test
ch13.wav,OHALLWAY,4320000,-68.36336057947042,test
ch05.wav,OHALLWAY,0,-63.528343095842374,test
ch05.wav,OHALLWAY,480000,-63.238839116197084,test
ch05.wav,OHALLWAY,960000,-64.86447413297246,test
ch05.wav,OHALLWAY,1440000,-58.59948804210974,test
ch05.wav,OHALLWAY,1920000,-62.46719066909843,test
ch05.wav,OHALLWAY,2400000,-61.69849403474342,test
ch05.wav,OHALLWAY,2880000,-58.42325800457331,test
ch05.wav,OHALLWAY,3360000,-54.66117215651418,test
ch05.wav,OHALLWAY,3840000,-61.531101998145516,test
ch05.wav,OHALLWAY,4320000,-67.28436512137732,test
ch01.wav,OHALLWAY,0,-65.37968381265895,test
ch01.wav,OHALLWAY,480000,-65.11863473240287,test
ch01.wav,OHALLWAY,960000,-66.59297535432717,test
ch01.wav,OHALLWAY,1440000,-60.747876203522836,test
ch01.wav,OHALLWAY,1920000,-64.44727326833328,test
ch01.wav,OHALLWAY,2400000,-63.764389782060654,test
ch01.wav,OHALLWAY,2880000,-60.66134697212507,test
ch01.wav,OHALLWAY,3360000,-57.3265970471311,test
ch01.wav,OHALLWAY,3840000,-63.586174551357175,test
ch01.wav,OHALLWAY,4320000,-68.63674093668834,test
ch16.wav,PCAFETER,0,-48.019007957150144,test
ch16.wav,PCAFETER,480000,-48.156747873211515,test
ch16.wav,PCAFETER,960000,-48.1437306738807,test
ch16.wav,PCAFETER,1440000,-48.28087664459733,test
ch16.wav,PCAFETER,1920000,-48.789086265483995,test
ch16.wav,PCAFETER,2400000,-49.93479961825028,test
ch16.wav,PCAFETER,2880000,-48.37565174590318,test
ch16.wav,PCAFETER,3360000,-49.24958139563658,test
ch16.wav,PCAFETER,3840000,-46.26011386723248,test
ch16.wav,PCAFETER,4320000,-46.27323249741466,test
ch08.wav,PCAFETER,0,-47.14384462365504,test
ch08.wav,PCAFETER,480000,-47.33519350213961,test
ch08.wav,PCAFETER,960000,-47.35775135002449,test
ch08.wav,PCAFETER,1440000,-47.38821797447843,test
ch08.wav,PCAFETER,1920000,-47.95085164844013,test
ch08.wav,PCAFETER,2400000,-49.06316968259036,test
ch08.wav,PCAFETER,2880000,-47.531776999335264,test
ch08.wav,PCAFETER,3360000,-48.37457382615196,test
ch08.wav,PCAFETER,3840000,-45.477023221663984,test
ch08.wav,PCAFETER,4320000,-45.51514077395112,test
ch12.wav,PCAFETER,0,-47.801531026922945,test
ch12.wav,PCAFETER,480000,-47.959875522083905,test
ch12.wav,PCAFETER,960000,-48.01917513787911,test
ch12.wav,PCAFETER,1440000,-48.05394982727966,test
ch12.wav,PCAFETER,1920000,-48.618757148392724,test
ch12.wav,PCAFETER,2400000,-49.75870110908535,test
ch12.wav,PCAFETER,2880000,-48.15875854587607,test
ch12.wav,PCAFETER,3360000,-49.041630209450176,test
ch12.wav,PCAFETER,3840000,-46.11187594961798,test
ch12.wav,PCAFETER,4320000,-46.18807868706071,test
ch04.wav,PCAFETER,0,-47.821781695483565,test
ch04.wav,PCAFETER,480000,-48.047260052770895,test
ch04.wav,PCAFETER,960000,-48.104054899149396,test
ch04.wav,PCAFETER,1440000,-48.0398056148163,test
ch04.wav,PCAFETER,1920000,-48.64191880074,test
ch04.wav,PCAFETER,2400000,-49.726239683075406,test
ch04.wav,PCAFETER,2880000,-48.187108564277096,test
ch04.wav,PCAFETER,3360000,-49.01018810781386,test
ch04.wav,PCAFETER,3840000,-46.18643063116569,test
ch04.wav,PCAFETER,4320000,-46.16789130005186,test
ch15.wav,PCAFETER,0,-48.10657550629013,test
ch15.wav,PCAFETER,480000,-48.22886466843658,test
ch15.wav,PCAFETER,960000,-48.27416408547128,test
ch15.wav,PCAFETER,1440000,-48.35471897299679,test
ch15.wav,PCAFETER,1920000,-48.87673981011328,test
ch15.wav,PCAFETER,2400000,-49.994476691914514,test
ch15.wav,PCAFETER,2880000,-48.348963207890975,test
ch15.wav,PCAFETER,3360000,-49.24664031499766,test
ch15.wav,PCAFETER,3840000,-46.29677203477553,test
ch15.wav,PCAFETER,4320000,-46.32492379322683,test
ch07.wav,PCAFETER,0,-47.60617531028269,test
ch07.wav,PCAFETER,480000,-47.82010810128699,test
ch07.wav,PCAFETER,960000,-47.90615217501903,test
ch07.wav,PCAFETER,1440000,-47.82984614074039,test
ch07.wav,PCAFETER,1920000,-48.440565656461224,test
ch07.wav,PCAFETER,2400000,-49.53107092421484,test
ch07.wav,PCAFETER,2880000,-47.91276819558123,test
ch07.wav,PCAFETER,3360000,-48.80541723854904,test
ch07.wav,PCAFETER,3840000,-45.95766173103163,test
ch07.wav,PCAFETER,4320000,-45.971587861078746,test
ch11.wav,PCAFETER,0,-48.61447769331681,test
ch11.wav,PCAFETER,480000,-48.79185884973674,test
ch11.wav,PCAFETER,960000,-48.906263983420665,test
ch11.wav,PCAFETER,1440000,-48.8622274091915,test
ch11.wav,PCAFETER,1920000,-49.44494551951664,test
ch11.wav,PCAFETER,2400000,-50.560248590819526,test
ch11.wav,PCAFETER,2880000,-48.94825676658742,test
ch11.wav,PCAFETER,3360000,-49.821177839339626,test
ch11.wav,PCAFETER,3840000,-46.97021550432398,test
ch11.wav,PCAFETER,4320000,-46.991138823484754,test
ch03.wav,PCAFETER,0,-46.59339287120382,test
ch03.wav,PCAFETER,480000,-46.848290920340595,test
ch03.wav,PCAFETER,960000,-46.962662018144584,test
ch03.wav,PCAFETER,1440000,-46.831313752052964,test
ch03.wav,PCAFETER,1920000,-47.477295392551625,test
ch03.wav,PCAFETER,2400000,-48.522816298947404,test
ch03.wav,PCAFETER,2880000,-46.96575528762525,test
ch03.wav,PCAFETER,3360000,-47.81688968946521,test
ch03.wav,PCAFETER,3840000,-45.06916547170489,test
ch03.wav,PCAFETER,4320000,-45.03138360283371,test
ch14.wav,PCAFETER,0,-47.40050784415206,test
ch14.wav,PCAFETER,480000,-47.570782113123485,test
ch14.wav,PCAFETER,960000,-47.62237904461753,test
ch14.wav,PCAFETER,1440000,-47.66775421216337,test
ch14.wav,PCAFETER,1920000,-48.238779925806064,test
ch14.wav,PCAFETER,2400000,-49.30012104922881,test
ch14.wav,PCAFETER,2880000,-47.74462345899387,test
ch14.wav,PCAFETER,3360000,-48.60821991477434,test
ch14.wav,PCAFETER,3840000,-45.75757475740036,test
ch14.wav,PCAFETER,4320000,-45.81947160344211,test
ch06.wav,PCAFETER,0,-47.170948033355415,test
ch06.wav,PCAFETER,480000,-47.39958109862826,test
ch06.wav,PCAFETER,960000,-47.53864828181866,test
ch06.wav,PCAFETER,1440000,-47.3995791215711,test
ch06.wav,PCAFETER,1920000,-48.064987427107454,test
ch06.wav,PCAFETER,2400000,-49.124882692705725,test
ch06.wav,PCAFETER,2880000,-47.49549279834089,test
ch06.wav,PCAFETER,3360000,-48.36508576777388,test
ch06.wav,PCAFETER,3840000,-45.577859587830524,test
ch06.wav,PCAFETER,4320000,-45.62713015373272,test
ch10.wav,PCAFETER,0,-48.89926540470584,test
ch10.wav,PCAFETER,480000,-49.08022205688906,test
ch10.wav,PCAFETER,960000,-49.2154612843409,test
ch10.wav,PCAFETER,1440000,-49.14186048952382,test
ch10.wav,PCAFETER,1920000,-49.777208415540414,test
ch10.wav,PCAFETER,2400000,-50.82005901579377,test
ch10.wav,PCAFETER,2880000,-49.14235943835986,test
ch10.wav,PCAFETER,3360000,-50.052468611597035,test
ch10.wav,PCAFETER,3840000,-47.24558170419239,test
ch10.wav,PCAFETER,4320000,-47.36354356712533,test
ch02.wav,PCAFETER,0,-47.30425406214325,test
ch02.wav,PCAFETER,480000,-47.525967954620285,test
ch02.wav,PCAFETER,960000,-47.71253328984329,test
ch02.wav,PCAFETER,1440000,-47.53560630190462,test
ch02.wav,PCAFETER,1920000,-48.20706127179194,test
ch02.wav,PCAFETER,2400000,-49.20437968081752,test
ch02.wav,PCAFETER,2880000,-47.6067866805527,test
ch02.wav,PCAFETER,3360000,-48.46145213795691,test
ch02.wav,PCAFETER,3840000,-45.76495816718203,test
ch02.wav,PCAFETER,4320000,-45.77735069431199,test
ch09.wav,PCAFETER,0,-45.642083207071266,test
ch09.wav,PCAFETER,480000,-45.82550799268583,test
ch09.wav,PCAFETER,960000,-45.983395698925804,test
ch09.wav,PCAFETER,1440000,-45.88943853696473,test
ch09.wav,PCAFETER,1920000,-46.554330201109664,test
ch09.wav,PCAFETER,2400000,-47.58085009317779,test
ch09.wav,PCAFETER,2880000,-45.9348769815653,test
ch09.wav,PCAFETER,3360000,-46.792168111819976,test
ch09.wav,PCAFETER,3840000,-44.002622153855505,test
ch09.wav,PCAFETER,4320000,-44.18979388713343,test
ch13.wav,PCAFETER,0,-47.147998276331805,test
ch13.wav,PCAFETER,480000,-47.30881830960105,test
ch13.wav,PCAFETER,960000,-47.427310349900175,test
ch13.wav,PCAFETER,1440000,-47.41365088725087,test
ch13.wav,PCAFETER,1920000,-48.03487117679322,test
ch13.wav,PCAFETER,2400000,-49.0654521005432,test
ch13.wav,PCAFETER,2880000,-47.48844338410324,test
ch13.wav,PCAFETER,3360000,-48.344616468712545,test
ch13.wav,PCAFETER,3840000,-45.507729291621956,test
ch13.wav,PCAFETER,4320000,-45.627566218333385,test
ch05.wav,PCAFETER,0,-45.36912109670094,test
ch05.wav,PCAFETER,480000,-45.60658862082255,test
ch05.wav,PCAFETER,960000,-45.7583633895712,test
ch05.wav,PCAFETER,1440000,-45.60368771271472,test
ch05.wav,PCAFETER,1920000,-46.293814064669036,test
ch05.wav,PCAFETER,2400000,-47.311591168904606,test
ch05.wav,PCAFETER,2880000,-45.69874152578146,test
ch05.wav,PCAFETER,3360000,-46.53693416702439,test
ch05.wav,PCAFETER,3840000,-43.79103462101108,test
ch05.wav,PCAFETER,4320000,-43.936397196158076,test
ch01.wav,PCAFETER,0,-47.942959184059504,test
ch01.wav,PCAFETER,480000,-48.12284821774931,test
ch01.wav,PCAFETER,960000,-48.34260928292821,test
ch01.wav,PCAFETER,1440000,-48.14747807907111,test
ch01.wav,PCAFETER,1920000,-48.83208505006708,test
ch01.wav,PCAFETER,2400000,-49.79774501656846,test
ch01.wav,PCAFETER,2880000,-48.21404806202847,test
ch01.wav,PCAFETER,3360000,-49.056343648125655,test
ch01.wav,PCAFETER,3840000,-46.38823386727519,test
ch01.wav,PCAFETER,4320000,-46.448338259738264,test
ch16.wav,OMEETING,0,-51.22069093953095,test
ch16.wav,OMEETING,480000,-53.92930920190009,test
ch16.wav,OMEETING,960000,-53.70314095547269,test
ch16.wav,OMEETING,1440000,-57.18206146369755,test
ch16.wav,OMEETING,1920000,-58.511349605243424,test
ch16.wav,OMEETING,2400000,-64.94799278359068,test
ch16.wav,OMEETING,2880000,-57.12126537674959,test
ch16.wav,OMEETING,3360000,-55.073855897181076,test
ch16.wav,OMEETING,3840000,-56.85096069973088,test
ch16.wav,OMEETING,4320000,-55.89812899622878,test
ch08.wav,OMEETING,0,-50.45269738215418,test
ch08.wav,OMEETING,480000,-53.24810615119168,test
ch08.wav,OMEETING,960000,-53.31620561092397,test
ch08.wav,OMEETING,1440000,-56.4618649547283,test
ch08.wav,OMEETING,1920000,-57.989025972070436,test
ch08.wav,OMEETING,2400000,-64.26629054832458,test
ch08.wav,OMEETING,2880000,-56.69321035694127,test
ch08.wav,OMEETING,3360000,-55.62935752505934,test
ch08.wav,OMEETING,3840000,-56.336143849930544,test
ch08.wav,OMEETING,4320000,-55.370109379644624,test
ch12.wav,OMEETING,0,-51.2536174490265,test
ch12.wav,OMEETING,480000,-54.01081252248581,test
ch12.wav,OMEETING,960000,-53.91041842467687,test
ch12.wav,OMEETING,1440000,-57.259925110488275,test
ch12.wav,OMEETING,1920000,-58.59616712836674,test
ch12.wav,OMEETING,2400000,-64.91589693223253,test
ch12.wav,OMEETING,2880000,-57.41012911611954,test
ch12.wav,OMEETING,3360000,-55.83153374490696,test
ch12.wav,OMEETING,3840000,-57.08047990344146,test
ch12.wav,OMEETING,4320000,-56.0561389650354,test
ch04.wav,OMEETING,0,-51.21651934384657,test
ch04.wav,OMEETING,480000,-54.136767778656036,test
ch04.wav,OMEETING,960000,-54.30537268749177,test
ch04.wav,OMEETING,1440000,-57.258491456776326,test
ch04.wav,OMEETING,1920000,-59.1156091857641,test
ch04.wav,OMEETING,2400000,-64.79809480452616,test
ch04.wav,OMEETING,2880000,-57.63798099591865,test
ch04.wav,OMEETING,3360000,-56.432157358131434,test
ch04.wav,OMEETING,3840000,-57.3207614983317,test
ch04.wav,OMEETING,4320000,-56.26171951773484,test
ch15.wav,OMEETING,0,-50.908535198767076,test
ch15.wav,OMEETING,480000,-53.71272811684707,test
ch15.wav,OMEETING,960000,-53.47833557199435,test
ch15.wav,OMEETING,1440000,-56.93985573359538,test
ch15.wav,OMEETING,1920000,-58.33169862652911,test
ch15.wav,OMEETING,2400000,-64.78460978297397,test
ch15.wav,OMEETING,2880000,-56.99514496414229,test
ch15.wav,OMEETING,3360000,-54.79630593440367,test
ch15.wav,OMEETING,3840000,-56.70649019745929,test
ch15.wav,OMEETING,4320000,-55.629723000282056,test
ch07.wav,OMEETING,0,-50.93126477123233,test
ch07.wav,OMEETING,480000,-53.735487168378,test
ch07.wav,OMEETING,960000,-53.81759053574673,test
ch07.wav,OMEETING,1440000,-56.93344860051742,test
ch07.wav,OMEETING,1920000,-58.54559079604537,test
ch07.wav,OMEETING,2400000,-64.65417848998582,test
ch07.wav,OMEETING,2880000,-57.218185052222005,test
ch07.wav,OMEETING,3360000,-55.97438000608719,test
ch07.wav,OMEETING,3840000,-56.94077524316389,test
ch07.wav,OMEETING,4320000,-55.845096480852916,test
ch11.wav,OMEETING,0,-51.97474516144839,test
ch11.wav,OMEETING,480000,-54.7831383956232,test
ch11.wav,OMEETING,960000,-54.72796462132058,test
ch11.wav,OMEETING,1440000,-57.92803656844984,test
ch11.wav,OMEETING,1920000,-59.48511627886231,test
ch11.wav,OMEETING,2400000,-65.49106271705675,test
ch11.wav,OMEETING,2880000,-58.249607464379,test
ch11.wav,OMEETING,3360000,-56.470597413284345,test
ch11.wav,OMEETING,3840000,-57.908312473421404,test
ch11.wav,OMEETING,4320000,-56.76316808726661,test
ch03.wav,OMEETING,0,-50.06237714866448,test
ch03.wav,OMEETING,480000,-52.936585501342236,test
ch03.wav,OMEETING,960000,-53.080442642439834,test
ch03.wav,OMEETING,1440000,-56.113392822388775,test
ch03.wav,OMEETING,1920000,-57.911852208602326,test
ch03.wav,OMEETING,2400000,-64.00507705779548,test
ch03.wav,OMEETING,2880000,-56.49264844599081,test
ch03.wav,OMEETING,3360000,-55.14745532600621,test
ch03.wav,OMEETING,3840000,-56.31174652496576,test
ch03.wav,OMEETING,4320000,-55.079882469152295,test
ch14.wav,OMEETING,0,-50.42042109144454,test
ch14.wav,OMEETING,480000,-53.38212397372929,test
ch14.wav,OMEETING,960000,-53.289715562718,test
ch14.wav,OMEETING,1440000,-56.49455438502736,test
ch14.wav,OMEETING,1920000,-58.090462151814904,test
ch14.wav,OMEETING,2400000,-64.54068564012925,test
ch14.wav,OMEETING,2880000,-56.72305990372253,test
ch14.wav,OMEETING,3360000,-54.55777501197614,test
ch14.wav,OMEETING,3840000,-56.43051731857545,test
ch14.wav,OMEETING,4320000,-55.26059659656206,test
ch06.wav,OMEETING,0,-50.608491942015824,test
ch06.wav,OMEETING,480000,-53.50231285785854,test
ch06.wav,OMEETING,960000,-53.58499391565056,test
ch06.wav,OMEETING,1440000,-56.69552790356073,test
ch06.wav,OMEETING,1920000,-58.38586972897501,test
ch06.wav,OMEETING,2400000,-64.5377035095703,test
ch06.wav,OMEETING,2880000,-57.02263712562714,test
ch06.wav,OMEETING,3360000,-55.601868739208086,test
ch06.wav,OMEETING,3840000,-56.77714794450941,test
ch06.wav,OMEETING,4320000,-55.59819290305983,test
ch10.wav,OMEETING,0,-52.26423402086135,test
ch10.wav,OMEETING,480000,-55.112141124705836,test
ch10.wav,OMEETING,960000,-55.13607876584274,test
ch10.wav,OMEETING,1440000,-58.23395298085349,test
ch10.wav,OMEETING,1920000,-59.82459328679672,test
ch10.wav,OMEETING,2400000,-65.75426395045947,test
ch10.wav,OMEETING,2880000,-58.57858985677112,test
ch10.wav,OMEETING,3360000,-56.72586633700776,test
ch10.wav,OMEETING,3840000,-58.267227851424636,test
ch10.wav,OMEETING,4320000,-57.07828213551269,test
ch02.wav,OMEETING,0,-50.62431350783213,test
ch02.wav,OMEETING,480000,-53.3229376077402,test
ch02.wav,OMEETING,960000,-53.48394158606731,test
ch02.wav,OMEETING,1440000,-56.50294652893217,test
ch02.wav,OMEETING,1920000,-58.388882741724764,test
ch02.wav,OMEETING,2400000,-64.2722037193151,test
ch02.wav,OMEETING,2880000,-57.03498017954744,test
ch02.wav,OMEETING,3360000,-55.551145982781435,test
ch02.wav,OMEETING,3840000,-56.82911327853729,test
ch02.wav,OMEETING,4320000,-55.48283871116547,test
ch09.wav,OMEETING,0,-48.985443594726746,test
ch09.wav,OMEETING,480000,-51.978645030912126,test
ch09.wav,OMEETING,960000,-52.07130221982941,test
ch09.wav,OMEETING,1440000,-55.13881959165071,test
ch09.wav,OMEETING,1920000,-56.71151938880828,test
ch09.wav,OMEETING,2400000,-63.27585643480547,test
ch09.wav,OMEETING,2880000,-55.44998394714872,test
ch09.wav,OMEETING,3360000,-53.393206969899,test
ch09.wav,OMEETING,3840000,-55.167476039266866,test
ch09.wav,OMEETING,4320000,-53.95781141692709,test
ch13.wav,OMEETING,0,-50.15863398844332,test
ch13.wav,OMEETING,480000,-53.27950964175964,test
ch13.wav,OMEETING,960000,-53.19538222171619,test
ch13.wav,OMEETING,1440000,-56.39823970127897,test
ch13.wav,OMEETING,1920000,-57.95086757210625,test
ch13.wav,OMEETING,2400000,-64.50647911751275,test
ch13.wav,OMEETING,2880000,-56.627045912772715,test
ch13.wav,OMEETING,3360000,-54.31017892216224,test
ch13.wav,OMEETING,3840000,-56.36824641841726,test
ch13.wav,OMEETING,4320000,-55.11679830640306,test
ch05.wav,OMEETING,0,-48.8123416703957,test
ch05.wav,OMEETING,480000,-51.642668305126406,test
ch05.wav,OMEETING,960000,-51.77931505453894,test
ch05.wav,OMEETING,1440000,-54.858758765424305,test
ch05.wav,OMEETING,1920000,-56.562012783717776,test
ch05.wav,OMEETING,2400000,-63.047350701507106,test
ch05.wav,OMEETING,2880000,-55.247503211991756,test
ch05.wav,OMEETING,3360000,-53.67646356879755,test
ch05.wav,OMEETING,3840000,-55.007249618769244,test
ch05.wav,OMEETING,4320000,-53.77807359404287,test
ch01.wav,OMEETING,0,-51.47213221958394,test
ch01.wav,OMEETING,480000,-54.181819875170966,test
ch01.wav,OMEETING,960000,-54.30857753608548,test
ch01.wav,OMEETING,1440000,-57.35771289216912,test
ch01.wav,OMEETING,1920000,-59.3178767678419,test
ch01.wav,OMEETING,2400000,-64.89280817298399,test
ch01.wav,OMEETING,2880000,-58.00245660827957,test
ch01.wav,OMEETING,3360000,-56.3574914930155,test
ch01.wav,OMEETING,3840000,-57.707623840446594,test
ch01.wav,OMEETING,4320000,-56.31674029131582,test
